requested_at,spot_per_kwh,per_kwh,date,state_time,end_time,renewables,tariff_info_season,tariff_info_period,spike_status
"""2021-07-11T11:32:19.127Z""",4.92415,12.66314,2021-07-11,"11/07/2021, 9:30:01 pm","11/07/2021, 10:00:00 pm",30.408,,offPeak,none
"""2021-07-11T11:22:30.802Z""",4.9268,12.66592,2021-07-11,"11/07/2021, 9:00:01 pm","11/07/2021, 9:30:00 pm",29.559,,offPeak,none
"""2021-07-11T11:07:25.196Z""",5.49819,13.26519,2021-07-11,"11/07/2021, 9:00:01 pm","11/07/2021, 9:30:00 pm",29.642000000000003,,offPeak,none
"""2021-07-11T10:53:48.150Z""",6.36535,14.17467,2021-07-11,"11/07/2021, 8:30:01 pm","11/07/2021, 9:00:00 pm",28.904000000000003,,offPeak,none
"""2021-07-11T10:44:02.710Z""",7.18451,15.0338,2021-07-11,"11/07/2021, 8:30:01 pm","11/07/2021, 9:00:00 pm",29.098000000000003,,offPeak,none
"""2021-07-11T10:32:41.449Z""",7.2695,15.12294,2021-07-11,"11/07/2021, 8:30:01 pm","11/07/2021, 9:00:00 pm",28.956,,offPeak,none
"""2021-07-11T10:12:51.923Z""",8.61878,16.53806,2021-07-11,"11/07/2021, 8:00:01 pm","11/07/2021, 8:30:00 pm",26.804,,offPeak,none
"""2021-07-11T09:55:06.203Z""",9.43193,17.39089,2021-07-11,"11/07/2021, 7:30:01 pm","11/07/2021, 8:00:00 pm",24.034,,offPeak,none
"""2021-07-11T09:45:22.319Z""",9.43487,17.39397,2021-07-11,"11/07/2021, 7:30:01 pm","11/07/2021, 8:00:00 pm",23.73,,offPeak,none
"""2021-07-11T09:32:06.035Z""",12.52231,20.63208,2021-07-11,"11/07/2021, 7:30:01 pm","11/07/2021, 8:00:00 pm",22.961000000000002,,offPeak,none
"""2021-07-11T09:12:25.335Z""",12.2944,20.39304,2021-07-11,"11/07/2021, 7:00:01 pm","11/07/2021, 7:30:00 pm",21.857,,offPeak,none
"""2021-07-11T08:54:50.467Z""",9.34717,17.302,2021-07-11,"11/07/2021, 6:30:01 pm","11/07/2021, 7:00:00 pm",19.808,,offPeak,none
"""2021-07-11T08:45:04.968Z""",11.19725,19.24236,2021-07-11,"11/07/2021, 6:30:01 pm","11/07/2021, 7:00:00 pm",19.541,,offPeak,none
"""2021-07-11T08:35:28.046Z""",10.21118,18.20817,2021-07-11,"11/07/2021, 6:30:01 pm","11/07/2021, 7:00:00 pm",18.701999999999998,,offPeak,none
"""2021-07-11T08:19:41.278Z""",11.16684,19.21046,2021-07-11,"11/07/2021, 6:00:01 pm","11/07/2021, 6:30:00 pm",15.936,,offPeak,none
"""2021-07-11T07:57:33.388Z""",5.645200000000001,13.41938,2021-07-11,"11/07/2021, 5:30:01 pm","11/07/2021, 6:00:00 pm",15.08225078754046,,offPeak,none
"""2021-07-11T07:47:45.990Z""",6.84398,14.67665,2021-07-11,"11/07/2021, 5:30:01 pm","11/07/2021, 6:00:00 pm",15.253,,offPeak,none
"""2021-07-11T07:37:58.368Z""",7.04375,14.88617,2021-07-11,"11/07/2021, 5:30:01 pm","11/07/2021, 6:00:00 pm",15.8,,offPeak,none
"""2021-07-11T07:28:06.861Z""",15.914800000000003,24.19011,2021-07-11,"11/07/2021, 5:00:01 pm","11/07/2021, 5:30:00 pm",16.185544346466692,,offPeak,none
"""2021-07-11T07:14:37.245Z""",14.97342,23.2028,2021-07-11,"11/07/2021, 5:00:01 pm","11/07/2021, 5:30:00 pm",16.137,,offPeak,none
"""2021-07-11T06:56:37.705Z""",9.19028,17.13745,2021-07-11,"11/07/2021, 4:30:01 pm","11/07/2021, 5:00:00 pm",19.059,,offPeak,none
"""2021-07-11T06:42:07.426Z""",9.65336,17.62313,2021-07-11,"11/07/2021, 4:30:01 pm","11/07/2021, 5:00:00 pm",19.424,,offPeak,none
"""2021-07-11T06:16:17.832Z""",6.64407,14.46699,2021-07-11,"11/07/2021, 4:00:01 pm","11/07/2021, 4:30:00 pm",22.437,,offPeak,none
"""2021-07-11T05:55:20.908Z""",7.43106,15.29238,2021-07-11,"11/07/2021, 3:30:01 pm","11/07/2021, 4:00:00 pm",25.77,,offPeak,none
"""2021-07-11T05:45:42.799Z""",6.13085,13.92872,2021-07-11,"11/07/2021, 3:30:01 pm","11/07/2021, 4:00:00 pm",25.973000000000003,,offPeak,none
"""2021-07-11T05:35:54.047Z""",5.19174,12.94379,2021-07-11,"11/07/2021, 3:30:01 pm","11/07/2021, 4:00:00 pm",26.090999999999998,,offPeak,none
"""2021-07-11T05:26:05.162Z""",4.91857,12.65729,2021-07-11,"11/07/2021, 3:00:01 pm","11/07/2021, 3:30:00 pm",30.7,,offPeak,none
"""2021-07-11T05:12:23.895Z""",4.85176,12.58722,2021-07-11,"11/07/2021, 3:00:01 pm","11/07/2021, 3:30:00 pm",31.075000000000003,,offPeak,none
"""2021-07-11T04:55:57.357Z""",3.2340000000000004,10.89051,2021-07-11,"11/07/2021, 2:30:01 pm","11/07/2021, 3:00:00 pm",38.89748398944713,,offPeak,none
"""2021-07-11T04:40:51.469Z""",2.85669,10.49479,2021-07-11,"11/07/2021, 2:30:01 pm","11/07/2021, 3:00:00 pm",37.315,,offPeak,none
"""2021-07-11T04:12:50.632Z""",2.2949,9.90559,2021-07-11,"11/07/2021, 2:00:01 pm","11/07/2021, 2:30:00 pm",41.361,,offPeak,none
"""2021-07-11T03:54:06.880Z""",2.4663,10.08535,2021-07-11,"11/07/2021, 1:30:01 pm","11/07/2021, 2:00:00 pm",44.267,,offPeak,none
"""2021-07-11T03:44:12.477Z""",1.96186,9.5563,2021-07-11,"11/07/2021, 1:30:01 pm","11/07/2021, 2:00:00 pm",44.119,,offPeak,none
"""2021-07-11T03:27:13.997Z""",1.7611000000000003,9.34574,2021-07-11,"11/07/2021, 1:00:01 pm","11/07/2021, 1:30:00 pm",46.04647721432671,,offPeak,none
"""2021-07-11T03:02:30.210Z""",2.10535,9.70679,2021-07-11,"11/07/2021, 1:00:01 pm","11/07/2021, 1:30:00 pm",44.39,,offPeak,none
"""2021-07-11T02:51:19.960Z""",1.14098,8.69536,2021-07-11,"11/07/2021, 12:30:01 pm","11/07/2021, 1:00:00 pm",44.977000000000004,,offPeak,none
"""2021-07-11T02:41:09.261Z""",1.14005,8.69438,2021-07-11,"11/07/2021, 12:30:01 pm","11/07/2021, 1:00:00 pm",44.537,,offPeak,none
"""2021-07-11T02:16:17.588Z""",0.75989,8.29567,2021-07-11,"11/07/2021, 12:00:01 pm","11/07/2021, 12:30:00 pm",44.428,,offPeak,none
"""2021-07-11T01:39:44.584Z""",0.9845,8.53124,2021-07-11,"11/07/2021, 11:30:01 am","11/07/2021, 12:00:00 pm",41.438,,offPeak,none
"""2021-07-11T00:23:15.723Z""",1.76392,9.3487,2021-07-11,"11/07/2021, 10:00:01 am","11/07/2021, 10:30:00 am",30.915,,offPeak,none
"""2021-07-10T23:52:40.390Z""",3.04092,10.68801,2021-07-11,"11/07/2021, 9:30:01 am","11/07/2021, 10:00:00 am",30.091,,offPeak,none
"""2021-07-10T23:42:55.835Z""",3.7739,11.45676,2021-07-11,"11/07/2021, 9:30:01 am","11/07/2021, 10:00:00 am",30.209999999999997,,offPeak,none
"""2021-07-10T23:33:12.973Z""",4.0959,11.79447,2021-07-11,"11/07/2021, 9:30:01 am","11/07/2021, 10:00:00 am",29.962,,offPeak,none
"""2021-07-10T23:21:56.040Z""",4.05512,11.7517,2021-07-11,"11/07/2021, 9:00:01 am","11/07/2021, 9:30:00 am",27.517999999999997,,offPeak,none
"""2021-07-10T23:01:14.098Z""",5.51086,13.27848,2021-07-11,"11/07/2021, 9:00:01 am","11/07/2021, 9:30:00 am",27.009,,offPeak,none
"""2021-07-10T22:51:00.196Z""",4.37543,12.08764,2021-07-11,"11/07/2021, 8:30:01 am","11/07/2021, 9:00:00 am",23.798,,offPeak,none
"""2021-07-10T22:41:12.474Z""",4.50965,12.22841,2021-07-11,"11/07/2021, 8:30:01 am","11/07/2021, 9:00:00 am",23.347,,offPeak,none
"""2021-07-10T22:28:49.127Z""",4.605700000000001,12.32915,2021-07-11,"11/07/2021, 8:00:01 am","11/07/2021, 8:30:00 am",22.021186605913528,,offPeak,none
"""2021-07-10T22:10:07.415Z""",5.97282,13.76298,2021-07-11,"11/07/2021, 8:00:01 am","11/07/2021, 8:30:00 am",18.719,,offPeak,none
"""2021-07-10T21:54:17.139Z""",4.63764,12.36265,2021-07-11,"11/07/2021, 7:30:01 am","11/07/2021, 8:00:00 am",18.963,,offPeak,none
"""2021-07-10T21:44:27.683Z""",5.21944,12.97284,2021-07-11,"11/07/2021, 7:30:01 am","11/07/2021, 8:00:00 am",19.146,,offPeak,none
"""2021-07-10T21:34:33.532Z""",5.88766,13.67367,2021-07-11,"11/07/2021, 7:30:01 am","11/07/2021, 8:00:00 am",19.316,,offPeak,none
"""2021-07-10T21:21:01.411Z""",2.40105,10.01692,2021-07-11,"11/07/2021, 7:00:01 am","11/07/2021, 7:30:00 am",19.37,,offPeak,none
"""2021-07-10T20:59:37.673Z""",0.9845,8.53124,2021-07-11,"11/07/2021, 6:30:01 am","11/07/2021, 7:00:00 am",20.315410990402487,,offPeak,none
"""2021-07-10T20:49:56.852Z""",0.98933,8.53631,2021-07-11,"11/07/2021, 6:30:01 am","11/07/2021, 7:00:00 am",18.343999999999998,,offPeak,none
"""2021-07-10T20:40:17.344Z""",0.98935,8.53633,2021-07-11,"11/07/2021, 6:30:01 am","11/07/2021, 7:00:00 am",18.665000000000003,,offPeak,none
"""2021-07-10T20:30:37.203Z""",3.29088,10.95017,2021-07-11,"11/07/2021, 6:30:01 am","11/07/2021, 7:00:00 am",17.533,,offPeak,none
"""2021-07-10T20:16:21.232Z""",4.97856,12.7202,2021-07-11,"11/07/2021, 6:00:01 am","11/07/2021, 6:30:00 am",17.727999999999998,,offPeak,none
"""2021-07-10T19:57:00.455Z""",3.7532000000000005,11.43505,2021-07-11,"11/07/2021, 5:30:01 am","11/07/2021, 6:00:00 am",15.873148469753392,,offPeak,none
"""2021-07-10T19:47:12.337Z""",3.63825,11.31449,2021-07-11,"11/07/2021, 5:30:01 am","11/07/2021, 6:00:00 am",15.673,,offPeak,none
"""2021-07-10T19:37:14.546Z""",3.80391,11.48823,2021-07-11,"11/07/2021, 5:30:01 am","11/07/2021, 6:00:00 am",14.71,,offPeak,none
"""2021-07-10T19:27:33.409Z""",4.543,12.26339,2021-07-11,"11/07/2021, 5:00:01 am","11/07/2021, 5:30:00 am",13.164002637299976,,offPeak,none
"""2021-07-10T19:17:49.402Z""",4.65474,12.38058,2021-07-11,"11/07/2021, 5:00:01 am","11/07/2021, 5:30:00 am",13.009,,offPeak,none
"""2021-07-10T19:03:56.990Z""",4.32235,12.03197,2021-07-11,"11/07/2021, 5:00:01 am","11/07/2021, 5:30:00 am",12.82,,offPeak,none
"""2021-07-10T18:52:05.895Z""",4.20651,11.91048,2021-07-11,"11/07/2021, 4:30:01 am","11/07/2021, 5:00:00 am",10.957,,offPeak,none
"""2021-07-10T18:36:57.203Z""",4.16777,11.86985,2021-07-11,"11/07/2021, 4:30:01 am","11/07/2021, 5:00:00 am",10.831,,offPeak,none
"""2021-07-10T18:12:07.273Z""",4.19502,11.89843,2021-07-11,"11/07/2021, 4:00:01 am","11/07/2021, 4:30:00 am",8.827,,offPeak,none
"""2021-07-10T17:54:12.367Z""",5.41693,13.17997,2021-07-11,"11/07/2021, 3:30:01 am","11/07/2021, 4:00:00 am",7.093000000000001,,offPeak,none
"""2021-07-10T17:44:29.137Z""",5.6027,13.3748,2021-07-11,"11/07/2021, 3:30:01 am","11/07/2021, 4:00:00 am",6.979,,offPeak,none
"""2021-07-10T17:32:01.088Z""",5.64754,13.42183,2021-07-11,"11/07/2021, 3:30:01 am","11/07/2021, 4:00:00 am",6.825,,offPeak,none
"""2021-07-10T17:08:07.056Z""",5.76841,13.5486,2021-07-11,"11/07/2021, 3:00:01 am","11/07/2021, 3:30:00 am",5.146,,offPeak,none
"""2021-07-10T16:47:18.377Z""",6.42078,14.2328,2021-07-11,"11/07/2021, 2:30:01 am","11/07/2021, 3:00:00 am",4.821000000000001,,offPeak,none
"""2021-07-10T16:08:53.250Z""",7.00341,14.84386,2021-07-11,"11/07/2021, 2:00:01 am","11/07/2021, 2:30:00 am",5.167,,offPeak,none
"""2021-07-10T15:52:43.548Z""",13.00865,21.14215,2021-07-11,"11/07/2021, 1:30:01 am","11/07/2021, 2:00:00 am",4.923,,offPeak,none
"""2021-07-10T15:38:57.436Z""",13.95475,22.13442,2021-07-11,"11/07/2021, 1:30:01 am","11/07/2021, 2:00:00 am",5.4670000000000005,,offPeak,none
"""2021-07-10T15:17:11.176Z""",11.74814,19.82013,2021-07-11,"11/07/2021, 1:00:01 am","11/07/2021, 1:30:00 am",4.97,,offPeak,none
"""2021-07-10T14:56:14.555Z""",15.7454,24.01245,2021-07-11,"11/07/2021, 12:30:01 am","11/07/2021, 1:00:00 am",4.9069665990175055,,offPeak,none
"""2021-07-10T14:46:33.300Z""",12.33581,20.43648,2021-07-11,"11/07/2021, 12:30:01 am","11/07/2021, 1:00:00 am",4.95,,offPeak,none
"""2021-07-10T14:36:39.947Z""",11.71623,19.78666,2021-07-11,"11/07/2021, 12:30:01 am","11/07/2021, 1:00:00 am",4.944,,offPeak,none
"""2021-07-10T14:26:35.957Z""",12.89109,21.01885,2021-07-11,"11/07/2021, 12:00:01 am","11/07/2021, 12:30:00 am",4.372,,offPeak,none
"""2021-07-10T14:13:08.474Z""",13.62967,21.79347,2021-07-11,"11/07/2021, 12:00:01 am","11/07/2021, 12:30:00 am",4.38,,offPeak,none
"""2021-07-10T13:56:17.711Z""",22.5533,31.15256,2021-07-10,"10/07/2021, 11:30:01 pm","11/07/2021, 12:00:00 am",3.8763948436415174,,offPeak,none
"""2021-07-10T13:46:28.643Z""",22.83628,31.44935,2021-07-10,"10/07/2021, 11:30:01 pm","11/07/2021, 12:00:00 am",3.8080000000000003,,offPeak,none
"""2021-07-10T13:36:46.523Z""",23.29964,31.93532,2021-07-10,"10/07/2021, 11:30:01 pm","11/07/2021, 12:00:00 am",4.321,,offPeak,none
"""2021-07-10T13:25:57.738Z""",32.3697,41.44798,2021-07-10,"10/07/2021, 11:00:01 pm","10/07/2021, 11:30:00 pm",4.094535494986085,,offPeak,none
"""2021-07-10T13:04:52.285Z""",31.9439,41.0014,2021-07-10,"10/07/2021, 11:00:01 pm","10/07/2021, 11:30:00 pm",4.968999999999999,,offPeak,none
"""2021-07-10T12:45:05.942Z""",13.28575,21.43277,2021-07-10,"10/07/2021, 10:30:01 pm","10/07/2021, 11:00:00 pm",5.007000000000001,,offPeak,none
"""2021-07-10T12:10:13.912Z""",20.22881,28.71464,2021-07-10,"10/07/2021, 10:00:01 pm","10/07/2021, 10:30:00 pm",4.073,,offPeak,none
"""2021-07-10T11:52:56.433Z""",21.08318,29.6107,2021-07-10,"10/07/2021, 9:30:01 pm","10/07/2021, 10:00:00 pm",3.843,,offPeak,none
"""2021-07-10T11:43:08.892Z""",24.03903,32.71079,2021-07-10,"10/07/2021, 9:30:01 pm","10/07/2021, 10:00:00 pm",3.852,,offPeak,none
"""2021-07-10T11:33:20.194Z""",19.27661,27.71597,2021-07-10,"10/07/2021, 9:30:01 pm","10/07/2021, 10:00:00 pm",4.197,,offPeak,none
"""2021-07-10T11:23:19.781Z""",21.63648,30.191,2021-07-10,"10/07/2021, 9:00:01 pm","10/07/2021, 9:30:00 pm",3.3890000000000002,,offPeak,none
"""2021-07-10T11:08:13.792Z""",20.13368,28.61487,2021-07-10,"10/07/2021, 9:00:01 pm","10/07/2021, 9:30:00 pm",3.744,,offPeak,none
"""2021-07-10T10:54:06.566Z""",15.02465,23.25653,2021-07-10,"10/07/2021, 8:30:01 pm","10/07/2021, 9:00:00 pm",3.913,,offPeak,none
"""2021-07-10T10:44:19.835Z""",15.20884,23.4497,2021-07-10,"10/07/2021, 8:30:01 pm","10/07/2021, 9:00:00 pm",4.101,,offPeak,none
"""2021-07-10T10:32:57.554Z""",17.68054,26.04202,2021-07-10,"10/07/2021, 8:30:01 pm","10/07/2021, 9:00:00 pm",3.5869999999999997,,offPeak,none
"""2021-07-10T10:13:01.960Z""",25.08875,33.81174,2021-07-10,"10/07/2021, 8:00:01 pm","10/07/2021, 8:30:00 pm",2.681,,offPeak,none
"""2021-07-10T09:55:03.425Z""",29.64489,38.59021,2021-07-10,"10/07/2021, 7:30:01 pm","10/07/2021, 8:00:00 pm",2.922,,offPeak,none
"""2021-07-10T09:45:18.596Z""",30.05454,39.01985,2021-07-10,"10/07/2021, 7:30:01 pm","10/07/2021, 8:00:00 pm",3.04,,offPeak,none
"""2021-07-10T09:32:22.958Z""",30.66007,39.65493,2021-07-10,"10/07/2021, 7:30:01 pm","10/07/2021, 8:00:00 pm",3.299,,offPeak,none
"""2021-07-10T09:12:36.829Z""",32.58559,41.67441,2021-07-10,"10/07/2021, 7:00:01 pm","10/07/2021, 7:30:00 pm",2.75,,offPeak,none
"""2021-07-10T08:55:06.040Z""",26.6607,35.46039,2021-07-10,"10/07/2021, 6:30:01 pm","10/07/2021, 7:00:00 pm",2.863,,offPeak,none
"""2021-07-10T08:35:07.459Z""",26.92099,35.73339,2021-07-10,"10/07/2021, 6:30:01 pm","10/07/2021, 7:00:00 pm",2.9530000000000003,,offPeak,none
"""2021-07-10T08:18:07.114Z""",30.52796,39.51637,2021-07-10,"10/07/2021, 6:00:01 pm","10/07/2021, 6:30:00 pm",2.649,,offPeak,none
"""2021-07-10T07:56:49.516Z""",30.0861,39.05295,2021-07-10,"10/07/2021, 5:30:01 pm","10/07/2021, 6:00:00 pm",1.6190933788897985,,offPeak,none
"""2021-07-10T07:47:05.379Z""",29.96215,38.92295,2021-07-10,"10/07/2021, 5:30:01 pm","10/07/2021, 6:00:00 pm",1.41,,offPeak,none
"""2021-07-10T07:37:35.895Z""",29.97101,38.93224,2021-07-10,"10/07/2021, 5:30:01 pm","10/07/2021, 6:00:00 pm",1.243,,offPeak,none
"""2021-07-10T07:27:48.207Z""",25.852200000000003,34.61244,2021-07-10,"10/07/2021, 5:00:01 pm","10/07/2021, 5:30:00 pm",0.7753849611527139,,offPeak,none
"""2021-07-10T07:13:54.357Z""",25.4248,34.16418,2021-07-10,"10/07/2021, 5:00:01 pm","10/07/2021, 5:30:00 pm",0.914,,offPeak,none
"""2021-07-10T06:56:17.194Z""",23.67548,32.3295,2021-07-10,"10/07/2021, 4:30:01 pm","10/07/2021, 5:00:00 pm",3.6859999999999995,,offPeak,none
"""2021-07-10T06:42:25.530Z""",21.49912,30.04694,2021-07-10,"10/07/2021, 4:30:01 pm","10/07/2021, 5:00:00 pm",4.194,,offPeak,none
"""2021-07-10T06:18:04.342Z""",23.31545,31.9519,2021-07-10,"10/07/2021, 4:00:01 pm","10/07/2021, 4:30:00 pm",7.611,,offPeak,none
"""2021-07-10T05:56:03.832Z""",13.228600000000004,21.37283,2021-07-10,"10/07/2021, 3:30:01 pm","10/07/2021, 4:00:00 pm",12.519758906417735,,offPeak,none
"""2021-07-10T05:46:16.484Z""",13.22806,21.37227,2021-07-10,"10/07/2021, 3:30:01 pm","10/07/2021, 4:00:00 pm",11.593,,offPeak,none
"""2021-07-10T05:36:30.551Z""",20.58826,29.09163,2021-07-10,"10/07/2021, 3:30:01 pm","10/07/2021, 4:00:00 pm",11.923,,offPeak,none
"""2021-07-10T05:26:42.223Z""",10.469800000000003,18.47941,2021-07-10,"10/07/2021, 3:00:01 pm","10/07/2021, 3:30:00 pm",17.30243450285925,,offPeak,none
"""2021-07-10T05:13:45.559Z""",8.27284,16.17524,2021-07-10,"10/07/2021, 3:00:01 pm","10/07/2021, 3:30:00 pm",16.351,,offPeak,none
"""2021-07-10T04:56:36.165Z""",9.18061,17.12731,2021-07-10,"10/07/2021, 2:30:01 pm","10/07/2021, 3:00:00 pm",18.701,,offPeak,none
"""2021-07-10T04:41:37.443Z""",10.5668,18.58114,2021-07-10,"10/07/2021, 2:30:01 pm","10/07/2021, 3:00:00 pm",18.255,,offPeak,none
"""2021-07-10T04:13:08.309Z""",8.44905,16.36005,2021-07-10,"10/07/2021, 2:00:01 pm","10/07/2021, 2:30:00 pm",20.785,,offPeak,none
"""2021-07-10T03:54:09.528Z""",7.18095,15.03007,2021-07-10,"10/07/2021, 1:30:01 pm","10/07/2021, 2:00:00 pm",21.822,,offPeak,none
"""2021-07-10T03:44:23.531Z""",6.7895,14.61952,2021-07-10,"10/07/2021, 1:30:01 pm","10/07/2021, 2:00:00 pm",21.837,,offPeak,none
"""2021-07-10T03:27:13.797Z""",6.0896,13.88546,2021-07-10,"10/07/2021, 1:00:01 pm","10/07/2021, 1:30:00 pm",23.947371943303043,,offPeak,none
"""2021-07-10T03:02:37.467Z""",8.74128,16.66654,2021-07-10,"10/07/2021, 1:00:01 pm","10/07/2021, 1:30:00 pm",22.062,,offPeak,none
"""2021-07-10T02:51:28.043Z""",9.79875,17.77561,2021-07-10,"10/07/2021, 12:30:01 pm","10/07/2021, 1:00:00 pm",21.864,,offPeak,none
"""2021-07-10T02:40:40.928Z""",8.92304,16.85717,2021-07-10,"10/07/2021, 12:30:01 pm","10/07/2021, 1:00:00 pm",22.134,,offPeak,none
"""2021-07-10T02:15:30.439Z""",12.08838,20.17697,2021-07-10,"10/07/2021, 12:00:01 pm","10/07/2021, 12:30:00 pm",21.175,,offPeak,none
"""2021-07-10T01:39:55.525Z""",22.14048,30.7196,2021-07-10,"10/07/2021, 11:30:01 am","10/07/2021, 12:00:00 pm",20.296,,offPeak,none
"""2021-07-10T00:38:47.072Z""",27.1829,36.00808,2021-07-10,"10/07/2021, 10:30:01 am","10/07/2021, 11:00:00 am",17.25,,offPeak,none
"""2021-07-09T23:55:03.310Z""",28.44025,43.95978,2021-07-10,"10/07/2021, 9:30:01 am","10/07/2021, 10:00:00 am",13.438,,peak,none
"""2021-07-09T23:45:16.265Z""",28.2576,43.76822,2021-07-10,"10/07/2021, 9:30:01 am","10/07/2021, 10:00:00 am",13.593,,peak,none
"""2021-07-09T23:35:37.513Z""",30.85722,46.4947,2021-07-10,"10/07/2021, 9:30:01 am","10/07/2021, 10:00:00 am",13.772,,peak,none
"""2021-07-09T23:23:48.938Z""",15.46822,30.35474,2021-07-10,"10/07/2021, 9:00:01 am","10/07/2021, 9:30:00 am",11.599,,peak,none
"""2021-07-09T23:03:54.049Z""",27.51919,42.99378,2021-07-10,"10/07/2021, 9:00:01 am","10/07/2021, 9:30:00 am",11.06,,peak,none
"""2021-07-09T22:51:46.730Z""",25.65729,41.04102,2021-07-10,"10/07/2021, 8:30:01 am","10/07/2021, 9:00:00 am",7.742,,peak,none
"""2021-07-09T22:41:56.346Z""",24.59874,39.93081,2021-07-10,"10/07/2021, 8:30:01 am","10/07/2021, 9:00:00 am",7.5520000000000005,,peak,none
"""2021-07-09T22:30:02.652Z""",33.1738,48.92432,2021-07-10,"10/07/2021, 8:00:01 am","10/07/2021, 8:30:00 am",4.095268800003416,,peak,none
"""2021-07-09T22:11:18.302Z""",39.22056,55.26615,2021-07-10,"10/07/2021, 8:00:01 am","10/07/2021, 8:30:00 am",3.8580000000000005,,peak,none
"""2021-07-09T21:54:39.793Z""",28.49745,44.01977,2021-07-10,"10/07/2021, 7:30:01 am","10/07/2021, 8:00:00 am",2.122,,peak,none
"""2021-07-09T21:45:05.353Z""",29.97889,45.57351,2021-07-10,"10/07/2021, 7:30:01 am","10/07/2021, 8:00:00 am",2.1479999999999997,,peak,none
"""2021-07-09T21:35:33.416Z""",30.81932,46.45495,2021-07-10,"10/07/2021, 7:30:01 am","10/07/2021, 8:00:00 am",2.174,,peak,none
"""2021-07-09T21:21:23.367Z""",24.85304,40.19752,2021-07-10,"10/07/2021, 7:00:01 am","10/07/2021, 7:30:00 am",1.984,,peak,none
"""2021-07-09T20:59:25.050Z""",39.398700000000005,48.81999,2021-07-10,"10/07/2021, 6:30:01 am","10/07/2021, 7:00:00 am",2.0219046079721688,,offPeak,none
"""2021-07-09T20:49:47.032Z""",45.73633,55.46688,2021-07-10,"10/07/2021, 6:30:01 am","10/07/2021, 7:00:00 am",2.032,,offPeak,none
"""2021-07-09T20:39:54.217Z""",47.16383,56.96404,2021-07-10,"10/07/2021, 6:30:01 am","10/07/2021, 7:00:00 am",2.225,,offPeak,none
"""2021-07-09T20:28:44.827Z""",33.6468,42.7874,2021-07-10,"10/07/2021, 6:00:01 am","10/07/2021, 6:30:00 am",2.557118779666131,,offPeak,none
"""2021-07-09T20:09:29.534Z""",32.19734,41.26721,2021-07-10,"10/07/2021, 6:00:01 am","10/07/2021, 6:30:00 am",2.656,,offPeak,none
"""2021-07-09T19:53:49.189Z""",28.5276,37.4184,2021-07-10,"10/07/2021, 5:30:01 am","10/07/2021, 6:00:00 am",3.175,,offPeak,none
"""2021-07-09T19:44:00.039Z""",26.31925,35.10228,2021-07-10,"10/07/2021, 5:30:01 am","10/07/2021, 6:00:00 am",3.209,,offPeak,none
"""2021-07-09T19:34:09.076Z""",25.68918,34.44147,2021-07-10,"10/07/2021, 5:30:01 am","10/07/2021, 6:00:00 am",3.099,,offPeak,none
"""2021-07-09T19:24:33.519Z""",25.4327,34.17247,2021-07-10,"10/07/2021, 5:00:01 am","10/07/2021, 5:30:00 am",2.7119999999999997,,offPeak,none
"""2021-07-09T19:14:53.820Z""",25.63574,34.38542,2021-07-10,"10/07/2021, 5:00:01 am","10/07/2021, 5:30:00 am",2.707,,offPeak,none
"""2021-07-09T18:57:55.565Z""",25.203200000000002,33.93177,2021-07-10,"10/07/2021, 4:30:01 am","10/07/2021, 5:00:00 am",2.3399471013431437,,offPeak,none
"""2021-07-09T18:48:13.189Z""",25.2261,33.95579,2021-07-10,"10/07/2021, 4:30:01 am","10/07/2021, 5:00:00 am",2.349,,offPeak,none
"""2021-07-09T18:24:45.969Z""",25.16261,33.8892,2021-07-10,"10/07/2021, 4:00:01 am","10/07/2021, 4:30:00 am",2.028,,offPeak,none
"""2021-07-09T17:57:25.102Z""",28.059900000000006,36.92787,2021-07-10,"10/07/2021, 3:30:01 am","10/07/2021, 4:00:00 am",1.6649087956102833,,offPeak,none
"""2021-07-09T17:47:42.369Z""",27.99572,36.86056,2021-07-10,"10/07/2021, 3:30:01 am","10/07/2021, 4:00:00 am",1.6199999999999999,,offPeak,none
"""2021-07-09T17:36:26.086Z""",34.71395,43.90663,2021-07-10,"10/07/2021, 3:30:01 am","10/07/2021, 4:00:00 am",1.5709999999999997,,offPeak,none
"""2021-07-09T17:11:32.079Z""",42.65555,52.23576,2021-07-10,"10/07/2021, 3:00:01 am","10/07/2021, 3:30:00 am",1.77,,offPeak,none
"""2021-07-09T16:48:06.809Z""",33.30358,42.42743,2021-07-10,"10/07/2021, 2:30:01 am","10/07/2021, 3:00:00 am",1.918,,offPeak,none
"""2021-07-09T16:07:45.237Z""",40.19498,49.65512,2021-07-10,"10/07/2021, 2:00:01 am","10/07/2021, 2:30:00 am",1.8950000000000002,,offPeak,none
"""2021-07-09T15:52:13.051Z""",36.65717,45.94467,2021-07-10,"10/07/2021, 1:30:01 am","10/07/2021, 2:00:00 am",1.717,,offPeak,none
"""2021-07-09T15:31:42.193Z""",36.26038,45.52852,2021-07-10,"10/07/2021, 1:30:01 am","10/07/2021, 2:00:00 am",1.889,,offPeak,none
"""2021-07-09T15:03:45.016Z""",26.58478,35.38077,2021-07-10,"10/07/2021, 1:00:01 am","10/07/2021, 1:30:00 am",1.844,,offPeak,none
"""2021-07-09T14:51:50.474Z""",28.41024,37.29531,2021-07-10,"10/07/2021, 12:30:01 am","10/07/2021, 1:00:00 am",1.627,,offPeak,none
"""2021-07-09T14:41:59.150Z""",24.529,33.22467,2021-07-10,"10/07/2021, 12:30:01 am","10/07/2021, 1:00:00 am",1.6129999999999998,,offPeak,none
"""2021-07-09T14:31:17.919Z""",22.98322,31.60346,2021-07-10,"10/07/2021, 12:30:01 am","10/07/2021, 1:00:00 am",1.643,,offPeak,none
"""2021-07-09T14:17:13.329Z""",26.00888,34.77677,2021-07-10,"10/07/2021, 12:00:01 am","10/07/2021, 12:30:00 am",1.654,,offPeak,none
"""2021-07-09T13:57:13.364Z""",31.3522,40.38083,2021-07-09,"09/07/2021, 11:30:01 pm","10/07/2021, 12:00:00 am",1.6262115940032291,,offPeak,none
"""2021-07-09T13:47:24.130Z""",35.20916,44.426,2021-07-09,"09/07/2021, 11:30:01 pm","10/07/2021, 12:00:00 am",1.717,,offPeak,none
"""2021-07-09T13:37:35.723Z""",30.72392,39.72189,2021-07-09,"09/07/2021, 11:30:01 pm","10/07/2021, 12:00:00 am",1.789,,offPeak,none
"""2021-07-09T13:25:20.437Z""",37.45144,46.7777,2021-07-09,"09/07/2021, 11:00:01 pm","09/07/2021, 11:30:00 pm",1.762,,offPeak,none
"""2021-07-09T13:00:45.225Z""",31.62666,40.66868,2021-07-09,"09/07/2021, 11:00:01 pm","09/07/2021, 11:30:00 pm",1.847,,offPeak,none
"""2021-07-09T12:29:17.229Z""",32.63260000000001,48.35671,2021-07-09,"09/07/2021, 10:00:01 pm","09/07/2021, 10:30:00 pm",1.4837062573698683,,peak,none
"""2021-07-09T11:57:38.203Z""",29.004800000000007,44.55188,2021-07-09,"09/07/2021, 9:30:01 pm","09/07/2021, 10:00:00 pm",1.087341096434601,,peak,none
"""2021-07-09T11:47:53.891Z""",29.04988,44.59916,2021-07-09,"09/07/2021, 9:30:01 pm","09/07/2021, 10:00:00 pm",1.034,,peak,none
"""2021-07-09T11:38:08.612Z""",31.58715,47.26025,2021-07-09,"09/07/2021, 9:30:01 pm","09/07/2021, 10:00:00 pm",0.9900000000000001,,peak,none
"""2021-07-09T11:28:10.794Z""",33.037400000000005,48.78127,2021-07-09,"09/07/2021, 9:00:01 pm","09/07/2021, 9:30:00 pm",0.9137069439048245,,peak,none
"""2021-07-09T11:17:22.783Z""",32.97328,48.71402,2021-07-09,"09/07/2021, 9:00:01 pm","09/07/2021, 9:30:00 pm",0.9440000000000001,,peak,none
"""2021-07-09T10:58:37.445Z""",33.097899999999996,48.84472,2021-07-09,"09/07/2021, 8:30:01 pm","09/07/2021, 9:00:00 pm",0.7370813564867833,,peak,none
"""2021-07-09T10:48:54.534Z""",32.0948,47.79267,2021-07-09,"09/07/2021, 8:30:01 pm","09/07/2021, 9:00:00 pm",0.695,,peak,none
"""2021-07-09T10:39:14.806Z""",29.91201,45.50336,2021-07-09,"09/07/2021, 8:30:01 pm","09/07/2021, 9:00:00 pm",0.753,,peak,none
"""2021-07-09T10:24:11.729Z""",32.34392,48.05395,2021-07-09,"09/07/2021, 8:00:01 pm","09/07/2021, 8:30:00 pm",0.752,,peak,none
"""2021-07-09T09:59:03.614Z""",34.0813,49.87611,2021-07-09,"09/07/2021, 7:30:01 pm","09/07/2021, 8:00:00 pm",0.770556640074023,,peak,none
"""2021-07-09T09:49:15.218Z""",33.91075,49.69723,2021-07-09,"09/07/2021, 7:30:01 pm","09/07/2021, 8:00:00 pm",0.787,,peak,none
"""2021-07-09T09:39:35.533Z""",33.84004,49.62307,2021-07-09,"09/07/2021, 7:30:01 pm","09/07/2021, 8:00:00 pm",0.787,,peak,none
"""2021-07-09T09:23:34.383Z""",34.65916,50.48216,2021-07-09,"09/07/2021, 7:00:01 pm","09/07/2021, 7:30:00 pm",0.649,,peak,none
"""2021-07-09T08:58:52.004Z""",34.705,50.53024,2021-07-09,"09/07/2021, 6:30:01 pm","09/07/2021, 7:00:00 pm",0.5251694226816489,,peak,none
"""2021-07-09T08:49:10.439Z""",34.55188,50.36965,2021-07-09,"09/07/2021, 6:30:01 pm","09/07/2021, 7:00:00 pm",0.539,,peak,none
"""2021-07-09T08:39:33.668Z""",34.6461,50.46847,2021-07-09,"09/07/2021, 6:30:01 pm","09/07/2021, 7:00:00 pm",0.5349999999999999,,peak,none
"""2021-07-09T08:24:12.347Z""",34.08312,49.87801,2021-07-09,"09/07/2021, 6:00:01 pm","09/07/2021, 6:30:00 pm",0.453,,peak,none
"""2021-07-09T07:58:44.318Z""",23.5169,38.79618,2021-07-09,"09/07/2021, 5:30:01 pm","09/07/2021, 6:00:00 pm",0.2612644708984959,,peak,none
"""2021-07-09T07:49:03.276Z""",22.41774,37.64339,2021-07-09,"09/07/2021, 5:30:01 pm","09/07/2021, 6:00:00 pm",0.246,,peak,none
"""2021-07-09T07:39:11.779Z""",24.13125,39.44051,2021-07-09,"09/07/2021, 5:30:01 pm","09/07/2021, 6:00:00 pm",0.24,,peak,none
"""2021-07-09T07:29:15.136Z""",23.1143,38.37394,2021-07-09,"09/07/2021, 5:00:01 pm","09/07/2021, 5:30:00 pm",0.25505566997914614,,peak,none
"""2021-07-09T07:16:54.856Z""",23.93539,39.23509,2021-07-09,"09/07/2021, 5:00:01 pm","09/07/2021, 5:30:00 pm",0.256,,peak,none
"""2021-07-09T06:57:33.418Z""",24.604800000000004,39.93717,2021-07-09,"09/07/2021, 4:30:01 pm","09/07/2021, 5:00:00 pm",2.118893887203391,,peak,none
"""2021-07-09T06:44:03.848Z""",24.17826,39.48982,2021-07-09,"09/07/2021, 4:30:01 pm","09/07/2021, 5:00:00 pm",1.989,,peak,none
"""2021-07-09T06:20:08.433Z""",23.82266,39.11686,2021-07-09,"09/07/2021, 4:00:01 pm","09/07/2021, 4:30:00 pm",5.0569999999999995,,peak,none
"""2021-07-09T05:56:33.277Z""",29.30454,44.86625,2021-07-09,"09/07/2021, 3:30:01 pm","09/07/2021, 4:00:00 pm",9.149000000000001,,peak,none
"""2021-07-09T05:46:51.326Z""",24.66535,40.00067,2021-07-09,"09/07/2021, 3:30:01 pm","09/07/2021, 4:00:00 pm",9.314,,peak,none
"""2021-07-09T05:37:04.279Z""",31.11768,46.76787,2021-07-09,"09/07/2021, 3:30:01 pm","09/07/2021, 4:00:00 pm",9.893,,peak,none
"""2021-07-09T05:27:18.584Z""",32.94500000000001,48.68436,2021-07-09,"09/07/2021, 3:00:01 pm","09/07/2021, 3:30:00 pm",14.679250095651064,,peak,none
"""2021-07-09T05:14:20.355Z""",32.945,48.68436,2021-07-09,"09/07/2021, 3:00:01 pm","09/07/2021, 3:30:00 pm",13.722999999999999,,peak,none
"""2021-07-09T04:56:48.451Z""",22.51886,37.74944,2021-07-09,"09/07/2021, 2:30:01 pm","09/07/2021, 3:00:00 pm",17.083000000000002,,peak,none
"""2021-07-09T04:41:36.391Z""",21.71548,36.90686,2021-07-09,"09/07/2021, 2:30:01 pm","09/07/2021, 3:00:00 pm",16.949,,peak,none
"""2021-07-09T04:12:56.393Z""",17.51629,32.50275,2021-07-09,"09/07/2021, 2:00:01 pm","09/07/2021, 2:30:00 pm",19.553,,peak,none
"""2021-07-09T03:54:03.809Z""",21.17699,36.34209,2021-07-09,"09/07/2021, 1:30:01 pm","09/07/2021, 2:00:00 pm",21.01,,peak,none
"""2021-07-09T03:44:27.356Z""",17.57492,32.56424,2021-07-09,"09/07/2021, 1:30:01 pm","09/07/2021, 2:00:00 pm",21.209,,peak,none
"""2021-07-09T03:27:28.492Z""",26.538600000000002,41.96534,2021-07-09,"09/07/2021, 1:00:01 pm","09/07/2021, 1:30:00 pm",22.315478087426495,,peak,none
"""2021-07-09T03:02:40.592Z""",22.63932,37.87578,2021-07-09,"09/07/2021, 1:00:01 pm","09/07/2021, 1:30:00 pm",20.881,,peak,none
"""2021-07-09T02:51:29.757Z""",23.54323,38.8238,2021-07-09,"09/07/2021, 12:30:01 pm","09/07/2021, 1:00:00 pm",20.505000000000003,,peak,none
"""2021-07-09T02:41:39.880Z""",28.93688,44.48065,2021-07-09,"09/07/2021, 12:30:01 pm","09/07/2021, 1:00:00 pm",20.366,,peak,none
"""2021-07-09T02:17:20.322Z""",29.9272,45.51929,2021-07-09,"09/07/2021, 12:00:01 pm","09/07/2021, 12:30:00 pm",20.094,,peak,none
"""2021-07-09T01:49:14.769Z""",30.65293,46.28044,2021-07-09,"09/07/2021, 11:30:01 am","09/07/2021, 12:00:00 pm",19.119,,peak,none
"""2021-07-09T00:51:17.893Z""",31.8731,47.56015,2021-07-09,"09/07/2021, 10:30:01 am","09/07/2021, 11:00:00 am",15.465000000000002,,peak,none
"""2021-07-08T23:56:13.446Z""",35.58372,51.45184,2021-07-09,"09/07/2021, 9:30:01 am","09/07/2021, 10:00:00 am",10.091999999999999,,peak,none
"""2021-07-08T23:46:33.842Z""",35.51221,51.37684,2021-07-09,"09/07/2021, 9:30:01 am","09/07/2021, 10:00:00 am",10.047,,peak,none
"""2021-07-08T23:36:51.328Z""",34.68631,50.51064,2021-07-09,"09/07/2021, 9:30:01 am","09/07/2021, 10:00:00 am",10.174999999999999,,peak,none
"""2021-07-08T23:25:17.932Z""",45.88684,62.25774,2021-07-09,"09/07/2021, 9:00:01 am","09/07/2021, 9:30:00 am",7.3020000000000005,,peak,none
"""2021-07-08T23:06:44.457Z""",42.57583,58.78515,2021-07-09,"09/07/2021, 9:00:01 am","09/07/2021, 9:30:00 am",7.431,,peak,none
"""2021-07-08T22:52:41.741Z""",40.52794,56.63733,2021-07-09,"09/07/2021, 8:30:01 am","09/07/2021, 9:00:00 am",4.926,,peak,none
"""2021-07-08T22:42:57.161Z""",40.65089,56.76628,2021-07-09,"09/07/2021, 8:30:01 am","09/07/2021, 9:00:00 am",5.038,,peak,none
"""2021-07-08T22:33:16.336Z""",41.84839,58.02222,2021-07-09,"09/07/2021, 8:30:01 am","09/07/2021, 9:00:00 am",4.884,,peak,none
"""2021-07-08T22:16:53.649Z""",37.37781,53.33348,2021-07-09,"09/07/2021, 8:00:01 am","09/07/2021, 8:30:00 am",1.8450000000000002,,peak,none
"""2021-07-08T21:57:02.834Z""",35.5586,51.4255,2021-07-09,"09/07/2021, 7:30:01 am","09/07/2021, 8:00:00 am",0.30490322287472427,,peak,none
"""2021-07-08T21:47:14.139Z""",36.23419,52.13405,2021-07-09,"09/07/2021, 7:30:01 am","09/07/2021, 8:00:00 am",0.27399999999999997,,peak,none
"""2021-07-08T21:37:12.391Z""",36.27435,52.17617,2021-07-09,"09/07/2021, 7:30:01 am","09/07/2021, 8:00:00 am",0.257,,peak,none
"""2021-07-08T21:23:19.487Z""",29.57053,45.14522,2021-07-09,"09/07/2021, 7:00:01 am","09/07/2021, 7:30:00 am",0.03,,peak,none
"""2021-07-08T21:02:49.255Z""",29.26982,44.82983,2021-07-09,"09/07/2021, 7:00:01 am","09/07/2021, 7:30:00 am",0.052,,peak,none
"""2021-07-08T20:51:42.053Z""",28.32896,37.21006,2021-07-09,"09/07/2021, 6:30:01 am","09/07/2021, 7:00:00 am",0.031,,offPeak,none
"""2021-07-08T20:42:03.674Z""",28.33476,37.21615,2021-07-09,"09/07/2021, 6:30:01 am","09/07/2021, 7:00:00 am",0.029,,offPeak,none
"""2021-07-08T20:32:23.490Z""",27.51669,36.35815,2021-07-09,"09/07/2021, 6:30:01 am","09/07/2021, 7:00:00 am",0.11900000000000001,,offPeak,none
"""2021-07-08T20:19:08.336Z""",28.23447,37.11096,2021-07-09,"09/07/2021, 6:00:01 am","09/07/2021, 6:30:00 am",0.11399999999999999,,offPeak,none
"""2021-07-08T19:57:47.711Z""",15.587,23.84632,2021-07-09,"09/07/2021, 5:30:01 am","09/07/2021, 6:00:00 am",0.6262675546072538,,offPeak,none
"""2021-07-08T19:48:07.704Z""",16.01784,24.29818,2021-07-09,"09/07/2021, 5:30:01 am","09/07/2021, 6:00:00 am",0.748,,offPeak,none
"""2021-07-08T19:38:17.290Z""",15.68011,23.94397,2021-07-09,"09/07/2021, 5:30:01 am","09/07/2021, 6:00:00 am",0.774,,offPeak,none
"""2021-07-08T19:28:25.958Z""",18.863900000000005,27.28312,2021-07-09,"09/07/2021, 5:00:01 am","09/07/2021, 5:30:00 am",0.6631034002415795,,offPeak,none
"""2021-07-08T19:18:47.954Z""",21.80116,30.36372,2021-07-09,"09/07/2021, 5:00:01 am","09/07/2021, 5:30:00 am",0.657,,offPeak,none
"""2021-07-08T19:05:14.459Z""",23.39481,32.03513,2021-07-09,"09/07/2021, 5:00:01 am","09/07/2021, 5:30:00 am",0.544,,offPeak,none
"""2021-07-08T18:52:36.616Z""",21.84406,30.40871,2021-07-09,"09/07/2021, 4:30:01 am","09/07/2021, 5:00:00 am",0.672,,offPeak,none
"""2021-07-08T18:34:02.112Z""",15.84041,24.11209,2021-07-09,"09/07/2021, 4:30:01 am","09/07/2021, 5:00:00 am",0.771,,offPeak,none
"""2021-07-08T18:06:27.170Z""",17.22789,25.56728,2021-07-09,"09/07/2021, 4:00:01 am","09/07/2021, 4:30:00 am",1.005,,offPeak,none
"""2021-07-08T17:52:16.393Z""",17.37893,25.72569,2021-07-09,"09/07/2021, 3:30:01 am","09/07/2021, 4:00:00 am",1.118,,offPeak,none
"""2021-07-08T17:41:55.977Z""",22.50441,31.10128,2021-07-09,"09/07/2021, 3:30:01 am","09/07/2021, 4:00:00 am",1.126,,offPeak,none
"""2021-07-08T17:15:32.220Z""",17.09174,25.42449,2021-07-09,"09/07/2021, 3:00:01 am","09/07/2021, 3:30:00 am",1.813,,offPeak,none
"""2021-07-08T16:46:47.357Z""",16.72017,25.03478,2021-07-09,"09/07/2021, 2:30:01 am","09/07/2021, 3:00:00 am",1.748,,offPeak,none
"""2021-07-08T16:03:00.347Z""",25.15842,33.88481,2021-07-09,"09/07/2021, 2:00:01 am","09/07/2021, 2:30:00 am",2.619,,offPeak,none
"""2021-07-08T15:46:59.714Z""",29.23703,38.16244,2021-07-09,"09/07/2021, 1:30:01 am","09/07/2021, 2:00:00 am",3.196,,offPeak,none
"""2021-07-08T15:17:35.796Z""",28.47629,37.36458,2021-07-09,"09/07/2021, 1:00:01 am","09/07/2021, 1:30:00 am",3.615,,offPeak,none
"""2021-07-08T14:55:19.606Z""",33.9335,43.08809,2021-07-09,"09/07/2021, 12:30:01 am","09/07/2021, 1:00:00 am",4.431,,offPeak,none
"""2021-07-08T14:45:48.661Z""",33.86474,43.01598,2021-07-09,"09/07/2021, 12:30:01 am","09/07/2021, 1:00:00 am",4.5089999999999995,,offPeak,none
"""2021-07-08T14:34:51.734Z""",31.27291,40.29767,2021-07-09,"09/07/2021, 12:30:01 am","09/07/2021, 1:00:00 am",4.965,,offPeak,none
"""2021-07-08T14:19:39.644Z""",35.23389,44.45194,2021-07-09,"09/07/2021, 12:00:01 am","09/07/2021, 12:30:00 am",4.981,,offPeak,none
"""2021-07-08T13:57:45.231Z""",35.6697,44.90902,2021-07-08,"08/07/2021, 11:30:01 pm","09/07/2021, 12:00:00 am",4.525700635008469,,offPeak,none
"""2021-07-08T13:47:36.734Z""",35.76774,45.01184,2021-07-08,"08/07/2021, 11:30:01 pm","09/07/2021, 12:00:00 am",4.515000000000001,,offPeak,none
"""2021-07-08T13:32:58.639Z""",37.10573,46.41512,2021-07-08,"08/07/2021, 11:30:01 pm","09/07/2021, 12:00:00 am",4.824,,offPeak,none
"""2021-07-08T13:04:54.240Z""",44.43244,54.09936,2021-07-08,"08/07/2021, 11:00:01 pm","08/07/2021, 11:30:00 pm",4.933,,offPeak,none
"""2021-07-08T12:32:40.948Z""",35.50043,51.36449,2021-07-08,"08/07/2021, 10:30:01 pm","08/07/2021, 11:00:00 pm",5.097,,peak,none
"""2021-07-08T11:58:08.708Z""",32.3763,48.08791,2021-07-08,"08/07/2021, 9:30:01 pm","08/07/2021, 10:00:00 pm",4.416020161841287,,peak,none
"""2021-07-08T11:48:17.243Z""",31.53196,47.20236,2021-07-08,"08/07/2021, 9:30:01 pm","08/07/2021, 10:00:00 pm",4.427,,peak,none
"""2021-07-08T11:38:20.219Z""",31.6404,47.31609,2021-07-08,"08/07/2021, 9:30:01 pm","08/07/2021, 10:00:00 pm",4.55,,peak,none
"""2021-07-08T11:28:35.453Z""",32.94500000000001,48.68436,2021-07-08,"08/07/2021, 9:00:01 pm","08/07/2021, 9:30:00 pm",4.896867097623082,,peak,none
"""2021-07-08T11:18:14.453Z""",32.92317,48.66146,2021-07-08,"08/07/2021, 9:00:01 pm","08/07/2021, 9:30:00 pm",5.045999999999999,,peak,none
"""2021-07-08T10:59:57.713Z""",32.285000000000004,47.99215,2021-07-08,"08/07/2021, 8:30:01 pm","08/07/2021, 9:00:00 pm",4.604909692226344,,peak,none
"""2021-07-08T10:50:04.742Z""",31.24176,46.898,2021-07-08,"08/07/2021, 8:30:01 pm","08/07/2021, 9:00:00 pm",4.594,,peak,none
"""2021-07-08T10:40:39.898Z""",31.13802,46.7892,2021-07-08,"08/07/2021, 8:30:01 pm","08/07/2021, 9:00:00 pm",4.789000000000001,,peak,none
"""2021-07-08T10:25:10.410Z""",29.65405,45.23281,2021-07-08,"08/07/2021, 8:00:01 pm","08/07/2021, 8:30:00 pm",3.894,,peak,none
"""2021-07-08T10:00:05.365Z""",32.8427,48.57706,2021-07-08,"08/07/2021, 7:30:01 pm","08/07/2021, 8:00:00 pm",2.905349304528207,,peak,none
"""2021-07-08T09:50:27.473Z""",32.85115,48.58593,2021-07-08,"08/07/2021, 7:30:01 pm","08/07/2021, 8:00:00 pm",2.875,,peak,none
"""2021-07-08T09:40:47.946Z""",32.76003,48.49036,2021-07-08,"08/07/2021, 7:30:01 pm","08/07/2021, 8:00:00 pm",2.863,,peak,none
"""2021-07-08T09:24:05.754Z""",32.18727,47.88965,2021-07-08,"08/07/2021, 7:00:01 pm","08/07/2021, 7:30:00 pm",2.596,,peak,none
"""2021-07-08T08:58:41.091Z""",17.829900000000002,32.83167,2021-07-08,"08/07/2021, 6:30:01 pm","08/07/2021, 7:00:00 pm",2.2430068416038798,,peak,none
"""2021-07-08T08:48:41.550Z""",15.26843,30.1452,2021-07-08,"08/07/2021, 6:30:01 pm","08/07/2021, 7:00:00 pm",2.279,,peak,none
"""2021-07-08T08:39:03.437Z""",13.7256,28.52708,2021-07-08,"08/07/2021, 6:30:01 pm","08/07/2021, 7:00:00 pm",2.287,,peak,none
"""2021-07-08T08:22:44.451Z""",30.38239,45.9967,2021-07-08,"08/07/2021, 6:00:01 pm","08/07/2021, 6:30:00 pm",1.8950000000000002,,peak,none
"""2021-07-08T07:58:07.848Z""",33.0715,48.81703,2021-07-08,"08/07/2021, 5:30:01 pm","08/07/2021, 6:00:00 pm",1.4328164492110116,,peak,none
"""2021-07-08T07:48:26.903Z""",29.94992,45.54312,2021-07-08,"08/07/2021, 5:30:01 pm","08/07/2021, 6:00:00 pm",1.43,,peak,none
"""2021-07-08T07:38:40.842Z""",29.73199,45.31456,2021-07-08,"08/07/2021, 5:30:01 pm","08/07/2021, 6:00:00 pm",1.384,,peak,none
"""2021-07-08T07:28:59.263Z""",32.94500000000001,48.68436,2021-07-08,"08/07/2021, 5:00:01 pm","08/07/2021, 5:30:00 pm",0.9791074196328038,,peak,none
"""2021-07-08T07:15:37.586Z""",32.945,48.68436,2021-07-08,"08/07/2021, 5:00:01 pm","08/07/2021, 5:30:00 pm",0.942,,peak,none
"""2021-07-08T06:56:52.207Z""",32.3774,48.08906,2021-07-08,"08/07/2021, 4:30:01 pm","08/07/2021, 5:00:00 pm",1.8438272456433262,,peak,none
"""2021-07-08T06:41:46.678Z""",32.43232,48.14666,2021-07-08,"08/07/2021, 4:30:01 pm","08/07/2021, 5:00:00 pm",1.738,,peak,none
"""2021-07-08T06:15:15.299Z""",32.9481,48.68761,2021-07-08,"08/07/2021, 4:00:01 pm","08/07/2021, 4:30:00 pm",4.551,,peak,none
"""2021-07-08T05:55:03.395Z""",34.22834,50.03032,2021-07-08,"08/07/2021, 3:30:01 pm","08/07/2021, 4:00:00 pm",8.344,,peak,none
"""2021-07-08T05:45:19.635Z""",32.945,48.68436,2021-07-08,"08/07/2021, 3:30:01 pm","08/07/2021, 4:00:00 pm",8.652,,peak,none
"""2021-07-08T05:35:19.072Z""",32.945,48.68436,2021-07-08,"08/07/2021, 3:30:01 pm","08/07/2021, 4:00:00 pm",8.649999999999999,,peak,none
"""2021-07-08T05:25:29.597Z""",34.56776,50.3863,2021-07-08,"08/07/2021, 3:00:01 pm","08/07/2021, 3:30:00 pm",11.251,,peak,none
"""2021-07-08T05:10:43.724Z""",32.945,48.68436,2021-07-08,"08/07/2021, 3:00:01 pm","08/07/2021, 3:30:00 pm",11.206000000000001,,peak,none
"""2021-07-08T04:55:03.043Z""",32.945,48.68436,2021-07-08,"08/07/2021, 2:30:01 pm","08/07/2021, 3:00:00 pm",13.611999999999998,,peak,none
"""2021-07-08T04:36:31.148Z""",32.945,48.68436,2021-07-08,"08/07/2021, 2:30:01 pm","08/07/2021, 3:00:00 pm",13.911000000000001,,peak,none
"""2021-07-08T04:09:05.277Z""",31.05986,46.70723,2021-07-08,"08/07/2021, 2:00:01 pm","08/07/2021, 2:30:00 pm",16.253999999999998,,peak,none
"""2021-07-08T03:52:28.121Z""",31.91099,47.59989,2021-07-08,"08/07/2021, 1:30:01 pm","08/07/2021, 2:00:00 pm",17.695,,peak,none
"""2021-07-08T03:42:45.574Z""",31.91242,47.60139,2021-07-08,"08/07/2021, 1:30:01 pm","08/07/2021, 2:00:00 pm",17.793999999999997,,peak,none
"""2021-07-08T03:26:02.639Z""",32.3763,48.08791,2021-07-08,"08/07/2021, 1:00:01 pm","08/07/2021, 1:30:00 pm",19.867185261429434,,peak,none
"""2021-07-08T03:00:41.092Z""",26.71179,42.14698,2021-07-08,"08/07/2021, 1:00:01 pm","08/07/2021, 1:30:00 pm",18.293,,peak,none
"""2021-07-08T02:50:45.559Z""",31.47997,47.14784,2021-07-08,"08/07/2021, 12:30:01 pm","08/07/2021, 1:00:00 pm",19.950000000000003,,peak,none
"""2021-07-08T02:39:54.640Z""",25.50106,40.87717,2021-07-08,"08/07/2021, 12:30:01 pm","08/07/2021, 1:00:00 pm",20.169,,peak,none
"""2021-07-08T02:14:11.096Z""",20.58268,35.71878,2021-07-08,"08/07/2021, 12:00:01 pm","08/07/2021, 12:30:00 pm",19.89,,peak,none
"""2021-07-08T01:32:30.284Z""",19.64359,34.73386,2021-07-08,"08/07/2021, 11:30:01 am","08/07/2021, 12:00:00 pm",19.618,,peak,none
"""2021-07-08T00:17:30.176Z""",32.26279,47.96886,2021-07-08,"08/07/2021, 10:00:01 am","08/07/2021, 10:30:00 am",15.692999999999998,,peak,none
"""2021-07-07T23:52:10.965Z""",33.96645,49.75565,2021-07-08,"08/07/2021, 9:30:01 am","08/07/2021, 10:00:00 am",13.564000000000002,,peak,none
"""2021-07-07T23:42:22.179Z""",33.62552,49.39808,2021-07-08,"08/07/2021, 9:30:01 am","08/07/2021, 10:00:00 am",13.569,,peak,none
"""2021-07-07T23:21:22.483Z""",34.77618,50.60489,2021-07-08,"08/07/2021, 9:00:01 am","08/07/2021, 9:30:00 am",11.327,,peak,none
"""2021-07-07T22:59:17.185Z""",33.1683,48.91855,2021-07-08,"08/07/2021, 8:30:01 am","08/07/2021, 9:00:00 am",9.469165826699943,,peak,none
"""2021-07-07T22:49:38.321Z""",33.13451,48.88311,2021-07-08,"08/07/2021, 8:30:01 am","08/07/2021, 9:00:00 am",9.321,,peak,none
"""2021-07-07T22:39:42.449Z""",33.3821,49.14279,2021-07-08,"08/07/2021, 8:30:01 am","08/07/2021, 9:00:00 am",8.959,,peak,none
"""2021-07-07T22:26:49.459Z""",33.749100000000006,49.5277,2021-07-08,"08/07/2021, 8:00:01 am","08/07/2021, 8:30:00 am",6.684293110095204,,peak,none
"""2021-07-07T22:07:17.005Z""",33.95446,49.74308,2021-07-08,"08/07/2021, 8:00:01 am","08/07/2021, 8:30:00 am",6.3740000000000006,,peak,none
"""2021-07-07T21:52:55.424Z""",32.54475,48.26458,2021-07-08,"08/07/2021, 7:30:01 am","08/07/2021, 8:00:00 am",5.075,,peak,none
"""2021-07-07T21:43:03.497Z""",32.53085,48.25,2021-07-08,"08/07/2021, 7:30:01 am","08/07/2021, 8:00:00 am",4.9799999999999995,,peak,none
"""2021-07-07T21:29:56.952Z""",30.991400000000006,46.63542,2021-07-08,"08/07/2021, 7:00:01 am","08/07/2021, 7:30:00 am",5.739798236844497,,peak,none
"""2021-07-07T21:11:36.642Z""",30.99321,46.63732,2021-07-08,"08/07/2021, 7:00:01 am","08/07/2021, 7:30:00 am",4.988,,peak,none
"""2021-07-07T20:54:56.752Z""",27.43802,36.27565,2021-07-08,"08/07/2021, 6:30:01 am","08/07/2021, 7:00:00 am",5.2589999999999995,,offPeak,none
"""2021-07-07T20:44:51.428Z""",27.19988,36.02589,2021-07-08,"08/07/2021, 6:30:01 am","08/07/2021, 7:00:00 am",5.401,,offPeak,none
"""2021-07-07T20:35:11.091Z""",30.04036,39.00498,2021-07-08,"08/07/2021, 6:30:01 am","08/07/2021, 7:00:00 am",5.431,,offPeak,none
"""2021-07-07T20:23:20.223Z""",28.43138,37.31748,2021-07-08,"08/07/2021, 6:00:01 am","08/07/2021, 6:30:00 am",6.710000000000001,,offPeak,none
"""2021-07-07T20:02:06.552Z""",29.11393,38.03334,2021-07-08,"08/07/2021, 6:00:01 am","08/07/2021, 6:30:00 am",6.648,,offPeak,none
"""2021-07-07T19:51:13.734Z""",22.57591,31.17627,2021-07-08,"08/07/2021, 5:30:01 am","08/07/2021, 6:00:00 am",7.754,,offPeak,none
"""2021-07-07T19:41:19.092Z""",19.83712,28.30384,2021-07-08,"08/07/2021, 5:30:01 am","08/07/2021, 6:00:00 am",7.958,,offPeak,none
"""2021-07-07T19:31:24.836Z""",24.08766,32.76179,2021-07-08,"08/07/2021, 5:30:01 am","08/07/2021, 6:00:00 am",7.919,,offPeak,none
"""2021-07-07T19:21:33.411Z""",22.57198,31.17215,2021-07-08,"08/07/2021, 5:00:01 am","08/07/2021, 5:30:00 am",8.744,,offPeak,none
"""2021-07-07T19:11:05.771Z""",22.67387,31.27901,2021-07-08,"08/07/2021, 5:00:01 am","08/07/2021, 5:30:00 am",8.584,,offPeak,none
"""2021-07-07T18:56:08.291Z""",14.32116,22.51871,2021-07-08,"08/07/2021, 4:30:01 am","08/07/2021, 5:00:00 am",8.422,,offPeak,none
"""2021-07-07T18:42:23.358Z""",15.55966,23.81764,2021-07-08,"08/07/2021, 4:30:01 am","08/07/2021, 5:00:00 am",8.071,,offPeak,none
"""2021-07-07T18:18:34.336Z""",11.30665,19.35709,2021-07-08,"08/07/2021, 4:00:01 am","08/07/2021, 4:30:00 am",7.943,,offPeak,none
"""2021-07-07T17:56:04.524Z""",8.871500000000001,16.80311,2021-07-08,"08/07/2021, 3:30:01 am","08/07/2021, 4:00:00 am",8.002104820037886,,offPeak,none
"""2021-07-07T17:46:18.082Z""",8.93061,16.86511,2021-07-08,"08/07/2021, 3:30:01 am","08/07/2021, 4:00:00 am",7.882,,offPeak,none
"""2021-07-07T17:20:39.392Z""",10.31884,18.32108,2021-07-08,"08/07/2021, 3:00:01 am","08/07/2021, 3:30:00 am",7.852,,offPeak,none
"""2021-07-07T16:51:49.140Z""",11.76152,19.83416,2021-07-08,"08/07/2021, 2:30:01 am","08/07/2021, 3:00:00 am",8.293000000000001,,offPeak,none
"""2021-07-07T16:05:22.615Z""",13.10499,21.24319,2021-07-08,"08/07/2021, 2:00:01 am","08/07/2021, 2:30:00 am",8.641,,offPeak,none
"""2021-07-07T15:47:34.283Z""",14.79908,23.01995,2021-07-08,"08/07/2021, 1:30:01 am","08/07/2021, 2:00:00 am",8.638,,offPeak,none
"""2021-07-07T15:18:18.670Z""",21.01311,29.53721,2021-07-08,"08/07/2021, 1:00:01 am","08/07/2021, 1:30:00 am",7.949000000000001,,offPeak,none
"""2021-07-07T14:55:26.182Z""",20.62351,29.1286,2021-07-08,"08/07/2021, 12:30:01 am","08/07/2021, 1:00:00 am",7.5889999999999995,,offPeak,none
"""2021-07-07T14:46:00.330Z""",20.24112,28.72755,2021-07-08,"08/07/2021, 12:30:01 am","08/07/2021, 1:00:00 am",7.619,,offPeak,none
"""2021-07-07T14:32:49.891Z""",20.65503,29.16166,2021-07-08,"08/07/2021, 12:30:01 am","08/07/2021, 1:00:00 am",7.915,,offPeak,none
"""2021-07-07T14:16:03.122Z""",21.02168,29.5462,2021-07-08,"08/07/2021, 12:00:01 am","08/07/2021, 12:30:00 am",7.942,,offPeak,none
"""2021-07-07T13:56:29.675Z""",19.40232,27.84782,2021-07-07,"07/07/2021, 11:30:01 pm","08/07/2021, 12:00:00 am",7.865,,offPeak,none
"""2021-07-07T13:46:42.597Z""",20.57172,29.07428,2021-07-07,"07/07/2021, 11:30:01 pm","08/07/2021, 12:00:00 am",7.829999999999999,,offPeak,none
"""2021-07-07T13:36:46.411Z""",21.38642,29.92874,2021-07-07,"07/07/2021, 11:30:01 pm","08/07/2021, 12:00:00 am",7.710999999999999,,offPeak,none
"""2021-07-07T13:18:56.894Z""",21.21469,29.74863,2021-07-07,"07/07/2021, 11:00:01 pm","07/07/2021, 11:30:00 pm",7.526,,offPeak,none
,16.32112,31.24926,2021-07-07,"07/07/2021, 10:30:01 pm","07/07/2021, 11:00:00 pm",7.761,,peak,none
,16.64208,31.58588,2021-07-07,"07/07/2021, 10:30:01 pm","07/07/2021, 11:00:00 pm",7.698,,peak,none
,23.3332,38.60352,2021-07-07,"07/07/2021, 10:00:01 pm","07/07/2021, 10:30:00 pm",6.75511786497717,,peak,none
