type,quality,spot_per_kwh,per_kwh,kwh_usage_in_timeframe,utc_start_time,local_start_time,utc_end_time,local_end_time,renewables,tariff_info_season,tariff_info_period,spike_status,descriptor
Usage,billable,0.69792,10.76276,0.176,2023-07-05T13:30:01Z,"05/07/2023, 11:30:01 pm",2023-07-05T14:00:00Z,"06/07/2023, 12:00:00 am",55.883,,offPeak,none,extremelyLow
Usage,billable,1.01601,11.09516,0.183,2023-07-05T13:00:01Z,"05/07/2023, 11:00:01 pm",2023-07-05T13:30:00Z,"05/07/2023, 11:30:00 pm",54.124,,offPeak,none,extremelyLow
Usage,billable,-0.05476,9.97621,0.229,2023-07-05T12:30:01Z,"05/07/2023, 10:30:01 pm",2023-07-05T13:00:00Z,"05/07/2023, 11:00:00 pm",55.083000000000006,,offPeak,none,extremelyLow
Usage,billable,0.08096,10.11803,1.158,2023-07-05T12:00:01Z,"05/07/2023, 10:00:01 pm",2023-07-05T12:30:00Z,"05/07/2023, 10:30:00 pm",50.980000000000004,,offPeak,none,extremelyLow
Usage,billable,0.77228,10.84046,0.481,2023-07-05T11:30:01Z,"05/07/2023, 9:30:01 pm",2023-07-05T12:00:00Z,"05/07/2023, 10:00:00 pm",46.944,,offPeak,none,extremelyLow
Usage,billable,4.03762,14.25274,0.471,2023-07-05T11:00:01Z,"05/07/2023, 9:00:01 pm",2023-07-05T11:30:00Z,"05/07/2023, 9:30:00 pm",43.857,,offPeak,none,veryLow
Usage,billable,6.88402,29.32723,0.567,2023-07-05T10:30:01Z,"05/07/2023, 8:30:01 pm",2023-07-05T11:00:00Z,"05/07/2023, 9:00:00 pm",41.382000000000005,,peak,none,veryLow
Usage,billable,10.37622,32.97658,0.774,2023-07-05T10:00:01Z,"05/07/2023, 8:00:01 pm",2023-07-05T10:30:00Z,"05/07/2023, 8:30:00 pm",38.278,,peak,none,low
Usage,billable,8.16198,30.6627,0.547,2023-07-05T09:30:01Z,"05/07/2023, 7:30:01 pm",2023-07-05T10:00:00Z,"05/07/2023, 8:00:00 pm",34.387,,peak,none,low
Usage,billable,7.3079,29.77019,0.194,2023-07-05T09:00:01Z,"05/07/2023, 7:00:01 pm",2023-07-05T09:30:00Z,"05/07/2023, 7:30:00 pm",34.518,,peak,none,low
Usage,billable,10.38522,32.98598,0.297,2023-07-05T08:30:01Z,"05/07/2023, 6:30:01 pm",2023-07-05T09:00:00Z,"05/07/2023, 7:00:00 pm",30.934,,peak,none,low
Usage,billable,13.45624,36.1952,0.236,2023-07-05T08:00:01Z,"05/07/2023, 6:00:01 pm",2023-07-05T08:30:00Z,"05/07/2023, 6:30:00 pm",27.798000000000002,,peak,none,low
Usage,billable,17.99649,40.93976,0.243,2023-07-05T07:30:01Z,"05/07/2023, 5:30:01 pm",2023-07-05T08:00:00Z,"05/07/2023, 6:00:00 pm",23.832,,peak,none,neutral
Usage,billable,14.55384,37.34219,0.302,2023-07-05T07:00:01Z,"05/07/2023, 5:00:01 pm",2023-07-05T07:30:00Z,"05/07/2023, 5:30:00 pm",21.18,,peak,none,low
Usage,billable,9.95151,32.53276,0.399,2023-07-05T06:30:01Z,"05/07/2023, 4:30:01 pm",2023-07-05T07:00:00Z,"05/07/2023, 5:00:00 pm",22.570999999999998,,peak,none,low
Usage,billable,10.81368,33.43373,0.588,2023-07-05T06:00:01Z,"05/07/2023, 4:00:01 pm",2023-07-05T06:30:00Z,"05/07/2023, 4:30:00 pm",24.823,,peak,none,low
Usage,billable,7.22502,29.68358,0.529,2023-07-05T05:30:01Z,"05/07/2023, 3:30:01 pm",2023-07-05T06:00:00Z,"05/07/2023, 4:00:00 pm",30.995,,peak,none,low
Usage,billable,6.4258,28.84839,0.746,2023-07-05T05:00:01Z,"05/07/2023, 3:00:01 pm",2023-07-05T05:30:00Z,"05/07/2023, 3:30:00 pm",32.692,,peak,none,veryLow
Usage,billable,6.41267,16.73467,0.973,2023-07-05T04:30:01Z,"05/07/2023, 2:30:01 pm",2023-07-05T05:00:00Z,"05/07/2023, 3:00:00 pm",32.513,,offPeak,none,veryLow
Usage,billable,2.14805,12.27814,0.686,2023-07-05T04:00:01Z,"05/07/2023, 2:00:01 pm",2023-07-05T04:30:00Z,"05/07/2023, 2:30:00 pm",36.437000000000005,,offPeak,none,extremelyLow
Usage,billable,0.6926,10.7572,0.959,2023-07-05T03:30:01Z,"05/07/2023, 1:30:01 pm",2023-07-05T04:00:00Z,"05/07/2023, 2:00:00 pm",36.354,,offPeak,none,extremelyLow
Usage,billable,1.778,11.89144,1.176,2023-07-05T03:00:01Z,"05/07/2023, 1:00:01 pm",2023-07-05T03:30:00Z,"05/07/2023, 1:30:00 pm",36.376999999999995,,offPeak,none,extremelyLow
Usage,billable,0.57046,10.62956,1.24,2023-07-05T02:30:01Z,"05/07/2023, 12:30:01 pm",2023-07-05T03:00:00Z,"05/07/2023, 1:00:00 pm",36.392,,offPeak,none,extremelyLow
Usage,billable,0.10756,10.14583,1.001,2023-07-05T02:00:01Z,"05/07/2023, 12:00:01 pm",2023-07-05T02:30:00Z,"05/07/2023, 12:30:00 pm",36.021,,offPeak,none,extremelyLow
Usage,billable,-0.53376,9.47565,1.754,2023-07-05T01:30:01Z,"05/07/2023, 11:30:01 am",2023-07-05T02:00:00Z,"05/07/2023, 12:00:00 pm",35.551,,offPeak,none,extremelyLow
Usage,billable,3.63783,13.83496,0.602,2023-07-05T01:00:01Z,"05/07/2023, 11:00:01 am",2023-07-05T01:30:00Z,"05/07/2023, 11:30:00 am",31.427,,offPeak,none,extremelyLow
Usage,billable,8.13922,18.53891,0.233,2023-07-05T00:30:01Z,"05/07/2023, 10:30:01 am",2023-07-05T01:00:00Z,"05/07/2023, 11:00:00 am",26.993000000000002,,offPeak,none,veryLow
Usage,billable,10.06021,20.54635,0.215,2023-07-05T00:00:01Z,"05/07/2023, 10:00:01 am",2023-07-05T00:30:00Z,"05/07/2023, 10:30:00 am",22.484,,offPeak,none,veryLow
Usage,billable,13.19712,23.82442,0.256,2023-07-04T23:30:01Z,"05/07/2023, 9:30:01 am",2023-07-05T00:00:00Z,"05/07/2023, 10:00:00 am",20.622,,offPeak,none,veryLow
Usage,billable,8.37929,18.78979,0.286,2023-07-04T23:00:01Z,"05/07/2023, 9:00:01 am",2023-07-04T23:30:00Z,"05/07/2023, 9:30:00 am",20.488,,offPeak,none,veryLow
Usage,billable,11.71536,22.27598,0.379,2023-07-04T22:30:01Z,"05/07/2023, 8:30:01 am",2023-07-04T23:00:00Z,"05/07/2023, 9:00:00 am",18.046,,offPeak,none,veryLow
Usage,billable,12.1776,22.75902,0.546,2023-07-04T22:00:01Z,"05/07/2023, 8:00:01 am",2023-07-04T22:30:00Z,"05/07/2023, 8:30:00 am",13.502,,offPeak,none,veryLow
Usage,billable,14.83007,25.53085,1.544,2023-07-04T21:30:01Z,"05/07/2023, 7:30:01 am",2023-07-04T22:00:00Z,"05/07/2023, 8:00:00 am",11.521,,offPeak,none,veryLow
Usage,billable,14.36404,25.04385,0.431,2023-07-04T21:00:01Z,"05/07/2023, 7:00:01 am",2023-07-04T21:30:00Z,"05/07/2023, 7:30:00 am",11.818,,offPeak,none,veryLow
Usage,billable,12.56594,23.16484,0.078,2023-07-04T20:30:01Z,"05/07/2023, 6:30:01 am",2023-07-04T21:00:00Z,"05/07/2023, 7:00:00 am",12.751000000000001,,offPeak,none,veryLow
Usage,billable,12.00133,22.57482,0.078,2023-07-04T20:00:01Z,"05/07/2023, 6:00:01 am",2023-07-04T20:30:00Z,"05/07/2023, 6:30:00 am",12.690999999999999,,offPeak,none,veryLow
Usage,billable,7.73091,18.11223,0.079,2023-07-04T19:30:01Z,"05/07/2023, 5:30:01 am",2023-07-04T20:00:00Z,"05/07/2023, 6:00:00 am",13.425999999999998,,offPeak,none,veryLow
Usage,billable,7.24801,17.6076,0.115,2023-07-04T19:00:01Z,"05/07/2023, 5:00:01 am",2023-07-04T19:30:00Z,"05/07/2023, 5:30:00 am",13.203000000000001,,offPeak,none,veryLow
Usage,billable,7.11273,17.46623,0.105,2023-07-04T18:30:01Z,"05/07/2023, 4:30:01 am",2023-07-04T19:00:00Z,"05/07/2023, 5:00:00 am",12.997,,offPeak,none,veryLow
Usage,billable,6.91925,17.26405,0.078,2023-07-04T18:00:01Z,"05/07/2023, 4:00:01 am",2023-07-04T18:30:00Z,"05/07/2023, 4:30:00 am",13.994000000000002,,offPeak,none,veryLow
Usage,billable,5.09399,15.35665,0.078,2023-07-04T17:30:01Z,"05/07/2023, 3:30:01 am",2023-07-04T18:00:00Z,"05/07/2023, 4:00:00 am",15.145,,offPeak,none,veryLow
Usage,billable,6.15782,16.46835,0.079,2023-07-04T17:00:01Z,"05/07/2023, 3:00:01 am",2023-07-04T17:30:00Z,"05/07/2023, 3:30:00 am",13.313,,offPeak,none,veryLow
Usage,billable,6.04164,16.34694,0.078,2023-07-04T16:30:01Z,"05/07/2023, 2:30:01 am",2023-07-04T17:00:00Z,"05/07/2023, 3:00:00 am",11.743,,offPeak,none,veryLow
Usage,billable,7.51425,17.88582,0.078,2023-07-04T16:00:01Z,"05/07/2023, 2:00:01 am",2023-07-04T16:30:00Z,"05/07/2023, 2:30:00 am",10.903,,offPeak,none,veryLow
Usage,billable,7.3336,17.69704,0.078,2023-07-04T15:30:01Z,"05/07/2023, 1:30:01 am",2023-07-04T16:00:00Z,"05/07/2023, 2:00:00 am",9.455,,offPeak,none,veryLow
Usage,billable,9.37739,19.8328,0.094,2023-07-04T15:00:01Z,"05/07/2023, 1:00:01 am",2023-07-04T15:30:00Z,"05/07/2023, 1:30:00 am",7.052,,offPeak,none,veryLow
Usage,billable,10.28171,20.77782,0.118,2023-07-04T14:30:01Z,"05/07/2023, 12:30:01 am",2023-07-04T15:00:00Z,"05/07/2023, 1:00:00 am",5.987,,offPeak,none,veryLow
Usage,billable,10.54384,21.05174,0.078,2023-07-04T14:00:01Z,"05/07/2023, 12:00:01 am",2023-07-04T14:30:00Z,"05/07/2023, 12:30:00 am",5.076,,offPeak,none,veryLow
Usage,billable,10.36321,20.86298,0.082,2023-07-04T13:30:01Z,"04/07/2023, 11:30:01 pm",2023-07-04T14:00:00Z,"05/07/2023, 12:00:00 am",3.605,,offPeak,none,veryLow
Usage,billable,10.94663,21.47266,0.223,2023-07-04T13:00:01Z,"04/07/2023, 11:00:01 pm",2023-07-04T13:30:00Z,"04/07/2023, 11:30:00 pm",3.144,,offPeak,none,veryLow
Usage,billable,11.39824,21.94459,0.386,2023-07-04T12:30:01Z,"04/07/2023, 10:30:01 pm",2023-07-04T13:00:00Z,"04/07/2023, 11:00:00 pm",2.453,,offPeak,none,veryLow
Usage,billable,12.67552,23.27935,0.389,2023-07-04T12:00:01Z,"04/07/2023, 10:00:01 pm",2023-07-04T12:30:00Z,"04/07/2023, 10:30:00 pm",2.186,,offPeak,none,veryLow
Usage,billable,10.91002,21.4344,0.411,2023-07-04T11:30:01Z,"04/07/2023, 9:30:01 pm",2023-07-04T12:00:00Z,"04/07/2023, 10:00:00 pm",2.619,,offPeak,none,veryLow
Usage,billable,12.1623,22.74303,0.277,2023-07-04T11:00:01Z,"04/07/2023, 9:00:01 pm",2023-07-04T11:30:00Z,"04/07/2023, 9:30:00 pm",3.2009999999999996,,offPeak,none,veryLow
Usage,billable,15.11553,37.92916,0.675,2023-07-04T10:30:01Z,"04/07/2023, 8:30:01 pm",2023-07-04T11:00:00Z,"04/07/2023, 9:00:00 pm",3.816,,peak,none,low
Usage,billable,14.43402,37.21698,0.369,2023-07-04T10:00:01Z,"04/07/2023, 8:00:01 pm",2023-07-04T10:30:00Z,"04/07/2023, 8:30:00 pm",3.814,,peak,none,low
Usage,billable,17.67032,40.59891,0.313,2023-07-04T09:30:01Z,"04/07/2023, 7:30:01 pm",2023-07-04T10:00:00Z,"04/07/2023, 8:00:00 pm",3.5929999999999995,,peak,none,neutral
Usage,billable,17.80965,40.74451,0.342,2023-07-04T09:00:01Z,"04/07/2023, 7:00:01 pm",2023-07-04T09:30:00Z,"04/07/2023, 7:30:00 pm",3.396,,peak,none,neutral
Usage,billable,29.79094,53.26496,0.452,2023-07-04T08:30:01Z,"04/07/2023, 6:30:01 pm",2023-07-04T09:00:00Z,"04/07/2023, 7:00:00 pm",2.857,,peak,none,high
Usage,billable,34.49215,58.17773,0.594,2023-07-04T08:00:01Z,"04/07/2023, 6:00:01 pm",2023-07-04T08:30:00Z,"04/07/2023, 6:30:00 pm",2.4299999999999997,,peak,none,high
Usage,billable,34.86221,58.56444,0.66,2023-07-04T07:30:01Z,"04/07/2023, 5:30:01 pm",2023-07-04T08:00:00Z,"04/07/2023, 6:00:00 pm",2.696,,peak,none,high
Usage,billable,31.91662,55.4863,0.467,2023-07-04T07:00:01Z,"04/07/2023, 5:00:01 pm",2023-07-04T07:30:00Z,"04/07/2023, 5:30:00 pm",3.2070000000000003,,peak,none,high
Usage,billable,24.95176,48.20802,0.293,2023-07-04T06:30:01Z,"04/07/2023, 4:30:01 pm",2023-07-04T07:00:00Z,"04/07/2023, 5:00:00 pm",3.8629999999999995,,peak,none,neutral
Usage,billable,22.57452,45.7238,0.306,2023-07-04T06:00:01Z,"04/07/2023, 4:00:01 pm",2023-07-04T06:30:00Z,"04/07/2023, 4:30:00 pm",5.52,,peak,none,neutral
Usage,billable,22.52563,45.67271,0.352,2023-07-04T05:30:01Z,"04/07/2023, 3:30:01 pm",2023-07-04T06:00:00Z,"04/07/2023, 4:00:00 pm",7.893999999999999,,peak,none,neutral
Usage,billable,19.2378,42.23693,0.425,2023-07-04T05:00:01Z,"04/07/2023, 3:00:01 pm",2023-07-04T05:30:00Z,"04/07/2023, 3:30:00 pm",10.555,,peak,none,neutral
Usage,billable,18.30704,29.16429,0.524,2023-07-04T04:30:01Z,"04/07/2023, 2:30:01 pm",2023-07-04T05:00:00Z,"04/07/2023, 3:00:00 pm",13.757,,offPeak,none,veryLow
Usage,billable,15.92405,26.67406,1.163,2023-07-04T04:00:01Z,"04/07/2023, 2:00:01 pm",2023-07-04T04:30:00Z,"04/07/2023, 2:30:00 pm",16.458000000000002,,offPeak,none,veryLow
Usage,billable,21.1741,32.16036,1.341,2023-07-04T03:30:01Z,"04/07/2023, 1:30:01 pm",2023-07-04T04:00:00Z,"04/07/2023, 2:00:00 pm",17.113,,offPeak,none,low
Usage,billable,18.21337,29.0664,0.695,2023-07-04T03:00:01Z,"04/07/2023, 1:00:01 pm",2023-07-04T03:30:00Z,"04/07/2023, 1:30:00 pm",18.303,,offPeak,none,veryLow
Usage,billable,19.8011,30.72558,0.594,2023-07-04T02:30:01Z,"04/07/2023, 12:30:01 pm",2023-07-04T03:00:00Z,"04/07/2023, 1:00:00 pm",18.336,,offPeak,none,low
Usage,billable,18.67018,29.54377,0.689,2023-07-04T02:00:01Z,"04/07/2023, 12:00:01 pm",2023-07-04T02:30:00Z,"04/07/2023, 12:30:00 pm",17.148,,offPeak,none,low
Usage,billable,18.17454,29.02582,0.39,2023-07-04T01:30:01Z,"04/07/2023, 11:30:01 am",2023-07-04T02:00:00Z,"04/07/2023, 12:00:00 pm",16.445,,offPeak,none,veryLow
Usage,billable,22.57815,33.6276,0.534,2023-07-04T01:00:01Z,"04/07/2023, 11:00:01 am",2023-07-04T01:30:00Z,"04/07/2023, 11:30:00 am",15.28,,offPeak,none,low
Usage,billable,34.15008,45.72026,0.559,2023-07-04T00:30:01Z,"04/07/2023, 10:30:01 am",2023-07-04T01:00:00Z,"04/07/2023, 11:00:00 am",13.934,,offPeak,none,neutral
Usage,billable,33.35809,44.89263,0.5,2023-07-04T00:00:01Z,"04/07/2023, 10:00:01 am",2023-07-04T00:30:00Z,"04/07/2023, 10:30:00 am",13.225000000000001,,offPeak,none,neutral
Usage,billable,17.87425,28.71202,0.526,2023-07-03T23:30:01Z,"04/07/2023, 9:30:01 am",2023-07-04T00:00:00Z,"04/07/2023, 10:00:00 am",12.76,,offPeak,none,veryLow
Usage,billable,19.77556,30.69889,0.6,2023-07-03T23:00:01Z,"04/07/2023, 9:00:01 am",2023-07-03T23:30:00Z,"04/07/2023, 9:30:00 am",10.903,,offPeak,none,low
Usage,billable,24.3853,35.51607,0.374,2023-07-03T22:30:01Z,"04/07/2023, 8:30:01 am",2023-07-03T23:00:00Z,"04/07/2023, 9:00:00 am",9.777,,offPeak,none,low
Usage,billable,26.43126,37.6541,0.737,2023-07-03T22:00:01Z,"04/07/2023, 8:00:01 am",2023-07-03T22:30:00Z,"04/07/2023, 8:30:00 am",8.645,,offPeak,none,low
Usage,billable,19.65603,30.57398,1.103,2023-07-03T21:30:01Z,"04/07/2023, 7:30:01 am",2023-07-03T22:00:00Z,"04/07/2023, 8:00:00 am",8.004,,offPeak,none,low
Usage,billable,15.11533,25.82895,0.58,2023-07-03T21:00:01Z,"04/07/2023, 7:00:01 am",2023-07-03T21:30:00Z,"04/07/2023, 7:30:00 am",7.363,,offPeak,none,veryLow
Usage,billable,15.09617,25.80893,0.264,2023-07-03T20:30:01Z,"04/07/2023, 6:30:01 am",2023-07-03T21:00:00Z,"04/07/2023, 7:00:00 am",8.015,,offPeak,none,veryLow
Usage,billable,15.45884,26.18792,0.298,2023-07-03T20:00:01Z,"04/07/2023, 6:00:01 am",2023-07-03T20:30:00Z,"04/07/2023, 6:30:00 am",8.051,,offPeak,none,veryLow
Usage,billable,11.44002,21.98825,0.265,2023-07-03T19:30:01Z,"04/07/2023, 5:30:01 am",2023-07-03T20:00:00Z,"04/07/2023, 6:00:00 am",9.153,,offPeak,none,veryLow
Usage,billable,10.51469,21.02128,0.266,2023-07-03T19:00:01Z,"04/07/2023, 5:00:01 am",2023-07-03T19:30:00Z,"04/07/2023, 5:30:00 am",11.3,,offPeak,none,veryLow
Usage,billable,10.01346,20.4975,0.259,2023-07-03T18:30:01Z,"04/07/2023, 4:30:01 am",2023-07-03T19:00:00Z,"04/07/2023, 5:00:00 am",9.91,,offPeak,none,veryLow
Usage,billable,9.43985,19.89807,0.254,2023-07-03T18:00:01Z,"04/07/2023, 4:00:01 am",2023-07-03T18:30:00Z,"04/07/2023, 4:30:00 am",11.594999999999999,,offPeak,none,veryLow
Usage,billable,9.37986,19.83538,0.255,2023-07-03T17:30:01Z,"04/07/2023, 3:30:01 am",2023-07-03T18:00:00Z,"04/07/2023, 4:00:00 am",13.275,,offPeak,none,veryLow
Usage,billable,9.47701,19.93691,0.254,2023-07-03T17:00:01Z,"04/07/2023, 3:00:01 am",2023-07-03T17:30:00Z,"04/07/2023, 3:30:00 am",14.21,,offPeak,none,veryLow
Usage,billable,8.3505,18.7597,0.256,2023-07-03T16:30:01Z,"04/07/2023, 2:30:01 am",2023-07-03T17:00:00Z,"04/07/2023, 3:00:00 am",14.738000000000001,,offPeak,none,veryLow
Usage,billable,8.52387,18.94087,0.255,2023-07-03T16:00:01Z,"04/07/2023, 2:00:01 am",2023-07-03T16:30:00Z,"04/07/2023, 2:30:00 am",16.569,,offPeak,none,veryLow
Usage,billable,9.10895,19.55228,0.254,2023-07-03T15:30:01Z,"04/07/2023, 1:30:01 am",2023-07-03T16:00:00Z,"04/07/2023, 2:00:00 am",17.131,,offPeak,none,veryLow
Usage,billable,9.65876,20.12683,0.257,2023-07-03T15:00:01Z,"04/07/2023, 1:00:01 am",2023-07-03T15:30:00Z,"04/07/2023, 1:30:00 am",16.259,,offPeak,none,veryLow
Usage,billable,10.00519,20.48885,0.253,2023-07-03T14:30:01Z,"04/07/2023, 12:30:01 am",2023-07-03T15:00:00Z,"04/07/2023, 1:00:00 am",13.797999999999998,,offPeak,none,veryLow
Usage,billable,10.79956,21.31897,0.319,2023-07-03T14:00:01Z,"04/07/2023, 12:00:01 am",2023-07-03T14:30:00Z,"04/07/2023, 12:30:00 am",13.321,,offPeak,none,veryLow
Usage,billable,12.04354,22.61893,0.802,2023-07-03T13:30:01Z,"03/07/2023, 11:30:01 pm",2023-07-03T14:00:00Z,"04/07/2023, 12:00:00 am",11.584999999999999,,offPeak,none,veryLow
Usage,billable,13.05656,23.67754,0.851,2023-07-03T13:00:01Z,"03/07/2023, 11:00:01 pm",2023-07-03T13:30:00Z,"03/07/2023, 11:30:00 pm",9.419,,offPeak,none,veryLow
Usage,billable,14.73414,25.43061,1.015,2023-07-03T12:30:01Z,"03/07/2023, 10:30:01 pm",2023-07-03T13:00:00Z,"03/07/2023, 11:00:00 pm",9.811,,offPeak,none,veryLow
Usage,billable,12.88804,23.50143,1.26,2023-07-03T12:00:01Z,"03/07/2023, 10:00:01 pm",2023-07-03T12:30:00Z,"03/07/2023, 10:30:00 pm",12.004,,offPeak,none,veryLow
Usage,billable,13.23103,23.85986,0.346,2023-07-03T11:30:01Z,"03/07/2023, 9:30:01 pm",2023-07-03T12:00:00Z,"03/07/2023, 10:00:00 pm",13.699,,offPeak,none,veryLow
Usage,billable,14.08909,24.75653,0.375,2023-07-03T11:00:01Z,"03/07/2023, 9:00:01 pm",2023-07-03T11:30:00Z,"03/07/2023, 9:30:00 pm",13.966999999999999,,offPeak,none,veryLow
Usage,billable,16.0556,38.91153,0.487,2023-07-03T10:30:01Z,"03/07/2023, 8:30:01 pm",2023-07-03T11:00:00Z,"03/07/2023, 9:00:00 pm",12.727,,peak,none,low
Usage,billable,16.68192,39.56604,0.735,2023-07-03T10:00:01Z,"03/07/2023, 8:00:01 pm",2023-07-03T10:30:00Z,"03/07/2023, 8:30:00 pm",11.056000000000001,,peak,none,neutral
Usage,billable,21.60706,44.71281,0.513,2023-07-03T09:30:01Z,"03/07/2023, 7:30:01 pm",2023-07-03T10:00:00Z,"03/07/2023, 8:00:00 pm",9.952,,peak,none,neutral
Usage,billable,22.96343,46.13021,0.563,2023-07-03T09:00:01Z,"03/07/2023, 7:00:01 pm",2023-07-03T09:30:00Z,"03/07/2023, 7:30:00 pm",8.543000000000001,,peak,none,neutral
Usage,billable,26.97858,50.32605,0.534,2023-07-03T08:30:01Z,"03/07/2023, 6:30:01 pm",2023-07-03T09:00:00Z,"03/07/2023, 7:00:00 pm",7.39,,peak,none,high
Usage,billable,32.29439,55.88107,0.48,2023-07-03T08:00:01Z,"03/07/2023, 6:00:01 pm",2023-07-03T08:30:00Z,"03/07/2023, 6:30:00 pm",7.722999999999999,,peak,none,high
Usage,billable,36.48112,60.2562,0.704,2023-07-03T07:30:01Z,"03/07/2023, 5:30:01 pm",2023-07-03T08:00:00Z,"03/07/2023, 6:00:00 pm",6.5040000000000004,,peak,none,high
Usage,billable,36.91495,60.70955,0.527,2023-07-03T07:00:01Z,"03/07/2023, 5:00:01 pm",2023-07-03T07:30:00Z,"03/07/2023, 5:30:00 pm",4.9959999999999996,,peak,none,high
Usage,billable,32.78684,56.39568,0.243,2023-07-03T06:30:01Z,"03/07/2023, 4:30:01 pm",2023-07-03T07:00:00Z,"03/07/2023, 5:00:00 pm",5.457,,peak,none,high
Usage,billable,31.23807,54.77721,0.219,2023-07-03T06:00:01Z,"03/07/2023, 4:00:01 pm",2023-07-03T06:30:00Z,"03/07/2023, 4:30:00 pm",7.539,,peak,none,high
Usage,billable,21.63851,44.74567,0.21,2023-07-03T05:30:01Z,"03/07/2023, 3:30:01 pm",2023-07-03T06:00:00Z,"03/07/2023, 4:00:00 pm",9.5,,peak,none,neutral
Usage,billable,22.09737,45.22518,0.215,2023-07-03T05:00:01Z,"03/07/2023, 3:00:01 pm",2023-07-03T05:30:00Z,"03/07/2023, 3:30:00 pm",12.221,,peak,none,neutral
Usage,billable,30.40784,41.80962,0.207,2023-07-03T04:30:01Z,"03/07/2023, 2:30:01 pm",2023-07-03T05:00:00Z,"03/07/2023, 3:00:00 pm",14.346,,offPeak,none,neutral
Usage,billable,23.06367,34.13497,0.172,2023-07-03T04:00:01Z,"03/07/2023, 2:00:01 pm",2023-07-03T04:30:00Z,"03/07/2023, 2:30:00 pm",17.538,,offPeak,none,low
Usage,billable,24.75547,35.9029,0.27,2023-07-03T03:30:01Z,"03/07/2023, 1:30:01 pm",2023-07-03T04:00:00Z,"03/07/2023, 2:00:00 pm",19.599,,offPeak,none,low
Usage,billable,26.34017,37.55891,0.553,2023-07-03T03:00:01Z,"03/07/2023, 1:00:01 pm",2023-07-03T03:30:00Z,"03/07/2023, 1:30:00 pm",19.326999999999998,,offPeak,none,low
Usage,billable,28.62,39.94133,0.897,2023-07-03T02:30:01Z,"03/07/2023, 12:30:01 pm",2023-07-03T03:00:00Z,"03/07/2023, 1:00:00 pm",18.948,,offPeak,none,neutral
Usage,billable,24.53879,35.67647,0.505,2023-07-03T02:00:01Z,"03/07/2023, 12:00:01 pm",2023-07-03T02:30:00Z,"03/07/2023, 12:30:00 pm",21.157,,offPeak,none,low
Usage,billable,21.10983,32.0932,0.228,2023-07-03T01:30:01Z,"03/07/2023, 11:30:01 am",2023-07-03T02:00:00Z,"03/07/2023, 12:00:00 pm",22.526,,offPeak,none,low
Usage,billable,22.72938,33.78563,0.326,2023-07-03T01:00:01Z,"03/07/2023, 11:00:01 am",2023-07-03T01:30:00Z,"03/07/2023, 11:30:00 am",21.898999999999997,,offPeak,none,low
Usage,billable,17.87572,28.71356,0.233,2023-07-03T00:30:01Z,"03/07/2023, 10:30:01 am",2023-07-03T01:00:00Z,"03/07/2023, 11:00:00 am",20.005,,offPeak,none,veryLow
Usage,billable,19.36241,30.26715,0.221,2023-07-03T00:00:01Z,"03/07/2023, 10:00:01 am",2023-07-03T00:30:00Z,"03/07/2023, 10:30:00 am",18.32,,offPeak,none,low
Usage,billable,25.1041,36.26721,0.241,2023-07-02T23:30:01Z,"03/07/2023, 9:30:01 am",2023-07-03T00:00:00Z,"03/07/2023, 10:00:00 am",15.870000000000001,,offPeak,none,low
Usage,billable,26.5577,37.78623,0.247,2023-07-02T23:00:01Z,"03/07/2023, 9:00:01 am",2023-07-02T23:30:00Z,"03/07/2023, 9:30:00 am",13.431000000000001,,offPeak,none,low
Usage,billable,31.31677,42.75945,0.181,2023-07-02T22:30:01Z,"03/07/2023, 8:30:01 am",2023-07-02T23:00:00Z,"03/07/2023, 9:00:00 am",10.027999999999999,,offPeak,none,neutral
Usage,billable,32.64956,44.15222,0.2,2023-07-02T22:00:01Z,"03/07/2023, 8:00:01 am",2023-07-02T22:30:00Z,"03/07/2023, 8:30:00 am",6.069,,offPeak,none,neutral
Usage,billable,31.55462,43.00801,0.28,2023-07-02T21:30:01Z,"03/07/2023, 7:30:01 am",2023-07-02T22:00:00Z,"03/07/2023, 8:00:00 am",2.869,,offPeak,none,neutral
Usage,billable,24.45342,35.58725,0.294,2023-07-02T21:00:01Z,"03/07/2023, 7:00:01 am",2023-07-02T21:30:00Z,"03/07/2023, 7:30:00 am",2.6790000000000003,,offPeak,none,low
Usage,billable,19.69685,30.61664,0.127,2023-07-02T20:30:01Z,"03/07/2023, 6:30:01 am",2023-07-02T21:00:00Z,"03/07/2023, 7:00:00 am",3.5020000000000002,,offPeak,none,low
Usage,billable,14.039,24.70419,0.093,2023-07-02T20:00:01Z,"03/07/2023, 6:00:01 am",2023-07-02T20:30:00Z,"03/07/2023, 6:30:00 am",3.626,,offPeak,none,veryLow
Usage,billable,10.57393,21.08319,0.095,2023-07-02T19:30:01Z,"03/07/2023, 5:30:01 am",2023-07-02T20:00:00Z,"03/07/2023, 6:00:00 am",3.5639999999999996,,offPeak,none,veryLow
Usage,billable,10.20413,20.69675,0.089,2023-07-02T19:00:01Z,"03/07/2023, 5:00:01 am",2023-07-02T19:30:00Z,"03/07/2023, 5:30:00 am",3.572,,offPeak,none,veryLow
Usage,billable,9.19674,19.64402,0.084,2023-07-02T18:30:01Z,"03/07/2023, 4:30:01 am",2023-07-02T19:00:00Z,"03/07/2023, 5:00:00 am",4.577,,offPeak,none,veryLow
Usage,billable,7.97807,18.37051,0.61,2023-07-02T18:00:01Z,"03/07/2023, 4:00:01 am",2023-07-02T18:30:00Z,"03/07/2023, 4:30:00 am",6.121,,offPeak,none,veryLow
Usage,billable,7.11436,17.46794,1.311,2023-07-02T17:30:01Z,"03/07/2023, 3:30:01 am",2023-07-02T18:00:00Z,"03/07/2023, 4:00:00 am",8.068999999999999,,offPeak,none,veryLow
Usage,billable,6.25778,16.57281,1.312,2023-07-02T17:00:01Z,"03/07/2023, 3:00:01 am",2023-07-02T17:30:00Z,"03/07/2023, 3:30:00 am",11.211,,offPeak,none,veryLow
Usage,billable,7.67932,18.05832,1.31,2023-07-02T16:30:01Z,"03/07/2023, 2:30:01 am",2023-07-02T17:00:00Z,"03/07/2023, 3:00:00 am",10.325,,offPeak,none,veryLow
Usage,billable,7.86272,18.24997,1.353,2023-07-02T16:00:01Z,"03/07/2023, 2:00:01 am",2023-07-02T16:30:00Z,"03/07/2023, 2:30:00 am",9.806,,offPeak,none,veryLow
Usage,billable,8.88955,19.32301,1.338,2023-07-02T15:30:01Z,"03/07/2023, 1:30:01 am",2023-07-02T16:00:00Z,"03/07/2023, 2:00:00 am",9.548,,offPeak,none,veryLow
Usage,billable,8.93946,19.37517,1.321,2023-07-02T15:00:01Z,"03/07/2023, 1:00:01 am",2023-07-02T15:30:00Z,"03/07/2023, 1:30:00 am",9.903,,offPeak,none,veryLow
Usage,billable,9.85719,20.33419,1.332,2023-07-02T14:30:01Z,"03/07/2023, 12:30:01 am",2023-07-02T15:00:00Z,"03/07/2023, 1:00:00 am",9.664,,offPeak,none,veryLow
Usage,billable,9.95894,20.44052,1.373,2023-07-02T14:00:01Z,"03/07/2023, 12:00:01 am",2023-07-02T14:30:00Z,"03/07/2023, 12:30:00 am",9.07,,offPeak,none,veryLow
Usage,billable,10.58943,21.09938,1.375,2023-07-02T13:30:01Z,"02/07/2023, 11:30:01 pm",2023-07-02T14:00:00Z,"03/07/2023, 12:00:00 am",8.76,,offPeak,none,veryLow
Usage,billable,10.80343,21.32301,1.39,2023-07-02T13:00:01Z,"02/07/2023, 11:00:01 pm",2023-07-02T13:30:00Z,"02/07/2023, 11:30:00 pm",8.193999999999999,,offPeak,none,veryLow
Usage,billable,10.6711,21.18473,1.369,2023-07-02T12:30:01Z,"02/07/2023, 10:30:01 pm",2023-07-02T13:00:00Z,"02/07/2023, 11:00:00 pm",7.892,,offPeak,none,veryLow
Usage,billable,13.00116,23.61964,1.366,2023-07-02T12:00:01Z,"02/07/2023, 10:00:01 pm",2023-07-02T12:30:00Z,"02/07/2023, 10:30:00 pm",7.417,,offPeak,none,veryLow
Usage,billable,11.14406,21.67897,0.191,2023-07-02T11:30:01Z,"02/07/2023, 9:30:01 pm",2023-07-02T12:00:00Z,"02/07/2023, 10:00:00 pm",7.343,,offPeak,none,veryLow
Usage,billable,12.0141,22.58816,0.532,2023-07-02T11:00:01Z,"02/07/2023, 9:00:01 pm",2023-07-02T11:30:00Z,"02/07/2023, 9:30:00 pm",7.095,,offPeak,none,veryLow
Usage,billable,13.35513,36.08954,0.593,2023-07-02T10:30:01Z,"02/07/2023, 8:30:01 pm",2023-07-02T11:00:00Z,"02/07/2023, 9:00:00 pm",7.399,,peak,none,low
Usage,billable,14.56388,37.35268,0.379,2023-07-02T10:00:01Z,"02/07/2023, 8:00:01 pm",2023-07-02T10:30:00Z,"02/07/2023, 8:30:00 pm",8.52,,peak,none,low
Usage,billable,13.68829,36.43769,0.4,2023-07-02T09:30:01Z,"02/07/2023, 7:30:01 pm",2023-07-02T10:00:00Z,"02/07/2023, 8:00:00 pm",8.693,,peak,none,low
Usage,billable,14.57946,37.36897,0.488,2023-07-02T09:00:01Z,"02/07/2023, 7:00:01 pm",2023-07-02T09:30:00Z,"02/07/2023, 7:30:00 pm",8.629000000000001,,peak,none,low
Usage,billable,16.07138,38.92802,0.106,2023-07-02T08:30:01Z,"02/07/2023, 6:30:01 pm",2023-07-02T09:00:00Z,"02/07/2023, 7:00:00 pm",8.568000000000001,,peak,none,low
Usage,billable,23.17653,46.3529,0.085,2023-07-02T08:00:01Z,"02/07/2023, 6:00:01 pm",2023-07-02T08:30:00Z,"02/07/2023, 6:30:00 pm",6.963,,peak,none,neutral
Usage,billable,31.08837,54.62078,0.085,2023-07-02T07:30:01Z,"02/07/2023, 5:30:01 pm",2023-07-02T08:00:00Z,"02/07/2023, 6:00:00 pm",6.497999999999999,,peak,none,high
Usage,billable,26.89683,50.24062,0.083,2023-07-02T07:00:01Z,"02/07/2023, 5:00:01 pm",2023-07-02T07:30:00Z,"02/07/2023, 5:30:00 pm",6.356000000000001,,peak,none,high
Usage,billable,21.28413,44.37535,0.083,2023-07-02T06:30:01Z,"02/07/2023, 4:30:01 pm",2023-07-02T07:00:00Z,"02/07/2023, 5:00:00 pm",7.116,,peak,none,neutral
Usage,billable,18.9534,41.93973,0.222,2023-07-02T06:00:01Z,"02/07/2023, 4:00:01 pm",2023-07-02T06:30:00Z,"02/07/2023, 4:30:00 pm",10.251000000000001,,peak,none,neutral
Usage,billable,15.47961,38.30962,0.123,2023-07-02T05:30:01Z,"02/07/2023, 3:30:01 pm",2023-07-02T06:00:00Z,"02/07/2023, 4:00:00 pm",14.243,,peak,none,low
Usage,billable,14.80917,37.60901,0.083,2023-07-02T05:00:01Z,"02/07/2023, 3:00:01 pm",2023-07-02T05:30:00Z,"02/07/2023, 3:30:00 pm",18.332,,peak,none,low
Usage,billable,13.93328,24.59371,0.084,2023-07-02T04:30:01Z,"02/07/2023, 2:30:01 pm",2023-07-02T05:00:00Z,"02/07/2023, 3:00:00 pm",20.802,,offPeak,none,veryLow
Usage,billable,13.09115,23.71368,0.091,2023-07-02T04:00:01Z,"02/07/2023, 2:00:01 pm",2023-07-02T04:30:00Z,"02/07/2023, 2:30:00 pm",22.639,,offPeak,none,veryLow
Usage,billable,9.52812,19.99032,0.244,2023-07-02T03:30:01Z,"02/07/2023, 1:30:01 pm",2023-07-02T04:00:00Z,"02/07/2023, 2:00:00 pm",25.367,,offPeak,none,veryLow
Usage,billable,8.59208,19.01215,0.561,2023-07-02T03:00:01Z,"02/07/2023, 1:00:01 pm",2023-07-02T03:30:00Z,"02/07/2023, 1:30:00 pm",27.387,,offPeak,none,veryLow
Usage,billable,6.46825,16.79275,0.418,2023-07-02T02:30:01Z,"02/07/2023, 12:30:01 pm",2023-07-02T03:00:00Z,"02/07/2023, 1:00:00 pm",29.34,,offPeak,none,veryLow
Usage,billable,8.04269,18.43804,0.677,2023-07-02T02:00:01Z,"02/07/2023, 12:00:01 pm",2023-07-02T02:30:00Z,"02/07/2023, 12:30:00 pm",29.81,,offPeak,none,veryLow
Usage,billable,6.82895,17.16968,0.215,2023-07-02T01:30:01Z,"02/07/2023, 11:30:01 am",2023-07-02T02:00:00Z,"02/07/2023, 12:00:00 pm",29.784,,offPeak,none,veryLow
Usage,billable,7.77322,18.15644,0.431,2023-07-02T01:00:01Z,"02/07/2023, 11:00:01 am",2023-07-02T01:30:00Z,"02/07/2023, 11:30:00 am",30.270999999999997,,offPeak,none,veryLow
Usage,billable,5.75828,16.05083,0.505,2023-07-02T00:30:01Z,"02/07/2023, 10:30:01 am",2023-07-02T01:00:00Z,"02/07/2023, 11:00:00 am",29.149,,offPeak,none,veryLow
Usage,billable,5.55251,15.8358,0.32,2023-07-02T00:00:01Z,"02/07/2023, 10:00:01 am",2023-07-02T00:30:00Z,"02/07/2023, 10:30:00 am",27.578999999999997,,offPeak,none,veryLow
Usage,billable,3.00016,13.1686,0.318,2023-07-01T23:30:01Z,"02/07/2023, 9:30:01 am",2023-07-02T00:00:00Z,"02/07/2023, 10:00:00 am",26.8,,offPeak,none,extremelyLow
Usage,billable,7.51452,17.8861,0.334,2023-07-01T23:00:01Z,"02/07/2023, 9:00:01 am",2023-07-01T23:30:00Z,"02/07/2023, 9:30:00 am",22.822,,offPeak,none,veryLow
Usage,billable,9.76846,20.24147,0.632,2023-07-01T22:30:01Z,"02/07/2023, 8:30:01 am",2023-07-01T23:00:00Z,"02/07/2023, 9:00:00 am",17.2,,offPeak,none,veryLow
Usage,billable,10.77868,21.29715,0.617,2023-07-01T22:00:01Z,"02/07/2023, 8:00:01 am",2023-07-01T22:30:00Z,"02/07/2023, 8:30:00 am",11.924,,offPeak,none,veryLow
Usage,billable,11.38049,21.92604,0.128,2023-07-01T21:30:01Z,"02/07/2023, 7:30:01 am",2023-07-01T22:00:00Z,"02/07/2023, 8:00:00 am",9.988,,offPeak,none,veryLow
Usage,billable,10.64773,21.16031,0.1,2023-07-01T21:00:01Z,"02/07/2023, 7:00:01 am",2023-07-01T21:30:00Z,"02/07/2023, 7:30:00 am",9.538,,offPeak,none,veryLow
Usage,billable,9.97866,20.46113,0.083,2023-07-01T20:30:01Z,"02/07/2023, 6:30:01 am",2023-07-01T21:00:00Z,"02/07/2023, 7:00:00 am",9.55,,offPeak,none,veryLow
Usage,billable,8.88071,19.31377,0.084,2023-07-01T20:00:01Z,"02/07/2023, 6:00:01 am",2023-07-01T20:30:00Z,"02/07/2023, 6:30:00 am",10.069,,offPeak,none,veryLow
Usage,billable,7.17636,17.53273,0.083,2023-07-01T19:30:01Z,"02/07/2023, 5:30:01 am",2023-07-01T20:00:00Z,"02/07/2023, 6:00:00 am",10.581999999999999,,offPeak,none,veryLow
Usage,billable,8.04429,18.43971,0.084,2023-07-01T19:00:01Z,"02/07/2023, 5:00:01 am",2023-07-01T19:30:00Z,"02/07/2023, 5:30:00 am",9.872,,offPeak,none,veryLow
Usage,billable,8.48494,18.90019,0.086,2023-07-01T18:30:01Z,"02/07/2023, 4:30:01 am",2023-07-01T19:00:00Z,"02/07/2023, 5:00:00 am",9.708,,offPeak,none,veryLow
Usage,billable,8.80906,19.2389,0.105,2023-07-01T18:00:01Z,"02/07/2023, 4:00:01 am",2023-07-01T18:30:00Z,"02/07/2023, 4:30:00 am",9.575,,offPeak,none,veryLow
Usage,billable,9.80944,20.28429,0.131,2023-07-01T17:30:01Z,"02/07/2023, 3:30:01 am",2023-07-01T18:00:00Z,"02/07/2023, 4:00:00 am",8.402999999999999,,offPeak,none,veryLow
Usage,billable,9.8491,20.32574,0.082,2023-07-01T17:00:01Z,"02/07/2023, 3:00:01 am",2023-07-01T17:30:00Z,"02/07/2023, 3:30:00 am",7.623,,offPeak,none,veryLow
Usage,billable,10.6711,21.18473,0.083,2023-07-01T16:30:01Z,"02/07/2023, 2:30:01 am",2023-07-01T17:00:00Z,"02/07/2023, 3:00:00 am",7.494000000000001,,offPeak,none,veryLow
Usage,billable,11.40592,21.95262,0.09,2023-07-01T16:00:01Z,"02/07/2023, 2:00:01 am",2023-07-01T16:30:00Z,"02/07/2023, 2:30:00 am",6.819,,offPeak,none,veryLow
Usage,billable,12.13412,22.71359,0.113,2023-07-01T15:30:01Z,"02/07/2023, 1:30:01 am",2023-07-01T16:00:00Z,"02/07/2023, 2:00:00 am",6.776,,offPeak,none,veryLow
Usage,billable,13.16593,23.79183,0.428,2023-07-01T15:00:01Z,"02/07/2023, 1:00:01 am",2023-07-01T15:30:00Z,"02/07/2023, 1:30:00 am",6.682,,offPeak,none,veryLow
Usage,billable,15.34265,26.0665,0.395,2023-07-01T14:30:01Z,"02/07/2023, 12:30:01 am",2023-07-01T15:00:00Z,"02/07/2023, 1:00:00 am",7.957,,offPeak,none,veryLow
Usage,billable,12.90683,23.52107,0.432,2023-07-01T14:00:01Z,"02/07/2023, 12:00:01 am",2023-07-01T14:30:00Z,"02/07/2023, 12:30:00 am",9.486,,offPeak,none,veryLow
